timestep,fps,ep_len_min,ep_len_mean,ep_len_max,ep_len_std,return_min,return_mean,return_max,return_std,disc_return_mean,total_loss,value_loss,actor_loss,entropy,prob_fail,prob_success
2048,86.48330280134034,1.0,10.542857,100.0,13.902401,-1.0,-0.09142857,1.0,0.99293834,-0.08749741,0.05931008,0.17447162,-0.0118706515,1.6055068,0.5485714,0.45142856
4096,7712.755227249668,1.0,10.204244,100.0,12.082308,-1.0,0.01591512,1.0,0.998546,0.017928425,0.07472389,0.21926025,-0.019029867,1.5876364,0.49336872,0.5066313
6144,7691.484586022165,1.0,10.718694,100.0,12.814989,-1.0,0.025408348,1.0,0.998769,0.026244517,0.04794574,0.17840211,-0.025572821,1.5682504,0.48820326,0.5117967
8192,7834.693630135799,1.0,10.716033,100.0,12.748063,-1.0,0.07472826,1.0,0.9965224,0.07395566,0.03279112,0.1663026,-0.0349957,1.5364493,0.46331522,0.5366848
10240,7838.482764788063,1.0,10.947426,100.0,13.463409,-1.0,0.119386636,1.0,0.9917441,0.11535444,0.026621819,0.16134699,-0.03910172,1.4949949,0.44140196,0.55859804
12288,7671.858615232372,1.0,10.804812,100.0,13.176921,-1.0,0.1764706,1.0,0.9834,0.16835482,0.014803762,0.14310874,-0.04208452,1.4666091,0.41265598,0.58734405
14336,7789.6140638517445,1.0,10.937549,100.0,13.285663,-1.0,0.2390131,1.0,0.9698246,0.22563455,0.008546129,0.12237996,-0.038263123,1.4380728,0.38164997,0.61835
16384,7787.431942856677,1.0,10.652632,100.0,13.001027,-1.0,0.2993421,1.0,0.95311105,0.28317285,0.0017345736,0.10527833,-0.03714266,1.3761941,0.3513158,0.6486842
18432,7781.992560394701,1.0,10.519308,100.0,13.112748,-1.0,0.3481268,1.0,0.93652475,0.32892355,-0.0041913064,0.09430189,-0.037862495,1.347975,0.32680115,0.6731988
20480,7657.400985218162,1.0,9.942815,100.0,12.538471,-1.0,0.4208211,1.0,0.9063351,0.39874843,-0.002616148,0.09926284,-0.03991903,1.2328538,0.29032257,0.7096774
22528,7287.924938043682,1.0,9.444336,100.0,12.065933,-1.0,0.53808594,1.0,0.8423105,0.5110989,-0.007483983,0.08651262,-0.03848683,1.2253457,0.23144531,0.7685547
24576,7805.135974863454,1.0,8.682617,100.0,11.491584,-1.0,0.6767578,1.0,0.7355422,0.6424243,-0.008890028,0.07565566,-0.03532759,1.139026,0.16210938,0.8378906
26624,7572.601073395725,1.0,7.82959,100.0,10.437676,-1.0,0.7709961,1.0,0.6364564,0.73321205,-0.006858283,0.062744744,-0.026979214,1.1251432,0.114746094,0.8852539
28672,7479.50486171518,1.0,7.1137695,100.0,9.663491,-1.0,0.8339844,1.0,0.55178803,0.79510725,-0.025368085,0.034521367,-0.031758256,1.0870517,0.08300781,0.9169922
30720,7622.393673453814,1.0,6.4750977,100.0,8.73153,-1.0,0.88427734,1.0,0.46643892,0.84484684,-0.023803577,0.032821037,-0.029958904,1.0255185,0.05810547,0.94189453
32768,7695.660377797985,1.0,6.0273438,100.0,8.351719,-1.0,0.9165039,1.0,0.39941496,0.8780927,-0.025766075,0.025400776,-0.028738266,0.97282,0.041992188,0.9580078
34816,7690.300203315538,1.0,5.5898438,100.0,7.5687428,-1.0,0.93896484,1.0,0.34330267,0.9015734,-0.015498807,0.040804353,-0.02648632,0.94146556,0.030761719,0.9692383
36864,7667.592252370143,1.0,5.123047,100.0,6.883623,-1.0,0.9536133,1.0,0.3002223,0.919066,-0.01835672,0.03621312,-0.0277009,0.87623817,0.0234375,0.9765625
38912,7423.963936027241,1.0,4.8286133,100.0,6.475647,-1.0,0.95751953,1.0,0.28752056,0.92548954,-0.020565024,0.035752885,-0.02966297,0.87784976,0.021484375,0.9785156
40960,7796.882486743383,1.0,4.569824,95.0,5.9814987,-1.0,0.9580078,1.0,0.2867421,0.927983,-0.014840461,0.033423882,-0.02341127,0.81411314,0.020996094,0.9790039
43008,7726.095325811651,1.0,4.164551,100.0,5.6900554,-1.0,0.9663086,1.0,0.256436,0.93952143,-0.020562112,0.020525668,-0.023878574,0.69463736,0.017089844,0.98291016
45056,7701.828989402956,1.0,3.9648438,100.0,5.4154305,-1.0,0.9741211,1.0,0.22494403,0.94806194,-0.022030486,0.012609827,-0.021788368,0.6547033,0.013183594,0.9868164
47104,7665.156460508973,1.0,3.5561523,100.0,4.094796,-1.0,0.98095703,1.0,0.19296378,0.95756495,-0.01779992,0.014493751,-0.01902054,0.6026253,0.009765625,0.9902344
49152,7540.68585825334,1.0,3.421875,61.0,3.4089367,-1.0,0.9863281,1.0,0.1647933,0.9633024,-0.017980553,0.008907288,-0.016681425,0.5752775,0.0068359375,0.99316406
51200,7717.349337147416,1.0,3.2885742,61.0,3.1534991,-1.0,0.9892578,1.0,0.14618133,0.96731013,-0.019199012,0.0070412913,-0.017635217,0.50844425,0.0053710938,0.9946289
53248,7801.924603225062,1.0,3.1938477,61.0,2.9012089,-1.0,0.9892578,1.0,0.14618133,0.9680655,-0.019633977,0.004655801,-0.016870871,0.50910014,0.0053710938,0.9946289
55296,7794.243641382214,1.0,3.125,55.0,2.5358753,-1.0,0.9892578,1.0,0.14618133,0.9688844,-0.020763842,0.014093759,-0.02303457,0.47761503,0.0053710938,0.9946289
57344,7758.922912391248,1.0,3.1362305,39.0,2.346768,-1.0,0.9902344,1.0,0.13941264,0.96969265,-0.010419014,0.0085915495,-0.01028222,0.44325686,0.0048828125,0.9951172
59392,7818.171600616721,1.0,3.1572266,39.0,2.374524,-1.0,0.9921875,1.0,0.12475562,0.97148436,-0.016722245,0.0060872864,-0.015278995,0.44868913,0.00390625,0.99609375
61440,7825.650282782345,1.0,3.0668945,39.0,2.2364867,-1.0,0.9941406,1.0,0.10809448,0.9741128,-0.013498353,0.0005453324,-0.009825609,0.39454088,0.0029296875,0.9970703
63488,7831.193725515937,1.0,3.0825195,39.0,2.33593,-1.0,0.9951172,1.0,0.09870047,0.9748082,-0.019125067,0.0063121915,-0.018079987,0.42011783,0.0024414062,0.9975586
65536,7784.728938930647,1.0,2.9980469,39.0,2.2061694,-1.0,0.99609375,1.0,0.08830199,0.9765597,-0.016925473,0.0037249469,-0.015231854,0.35560915,0.001953125,0.9980469
67584,7811.793981689889,1.0,2.9980469,54.0,2.5039022,-1.0,0.9951172,1.0,0.09870047,0.9760456,-0.0026679856,0.0059798243,-0.0020625547,0.35953435,0.0024414062,0.9975586
69632,7740.750986525223,1.0,2.895996,54.0,2.232008,-1.0,0.99609375,1.0,0.08830199,0.9778757,-0.01955447,0.0011508872,-0.017094415,0.30354965,0.001953125,0.9980469
71680,7792.030653120464,1.0,2.8886719,54.0,2.1056817,-1.0,0.99609375,1.0,0.08830199,0.9779409,-0.012464943,0.0045147086,-0.011871415,0.28508848,0.001953125,0.9980469
73728,7808.058989016822,1.0,2.8417969,23.0,1.7728341,-1.0,0.9970703,1.0,0.07649047,0.97892195,-0.024298143,0.00037088298,-0.021474846,0.30087373,0.0014648438,0.99853516
75776,7798.432668328045,1.0,2.8125,80.0,2.4025946,-1.0,0.9980469,1.0,0.062469475,0.98036283,-0.01421979,0.0045212107,-0.013724888,0.2755508,0.0009765625,0.99902344
77824,7391.664472670855,1.0,2.833496,80.0,2.894484,-1.0,0.99902344,1.0,0.044183385,0.9811992,-0.02597791,0.00038516332,-0.023150941,0.30195463,0.00048828125,0.9995117
79872,7726.498396222172,1.0,2.8261719,72.0,2.4455113,-1.0,0.9970703,1.0,0.07649047,0.9795376,-0.006143303,0.0061703483,-0.0065218876,0.27065903,0.0014648438,0.99853516
81920,7791.210823244289,1.0,2.8339844,72.0,2.4047837,-1.0,0.99609375,1.0,0.08830199,0.97848517,-0.008342265,0.007437194,-0.009808499,0.22523633,0.001953125,0.9980469
83968,7763.116143970299,1.0,2.7475586,15.0,1.5993297,-1.0,0.9951172,1.0,0.09870047,0.97807765,-0.0075530247,0.009263791,-0.009750146,0.24347726,0.0024414062,0.9975586
86016,7825.849910170585,1.0,2.699707,33.0,1.7933143,-1.0,0.9941406,1.0,0.10809448,0.9778045,-0.013371755,0.012566218,-0.016959315,0.26955473,0.0029296875,0.9970703
88064,7746.412267380412,1.0,2.6567383,33.0,1.7660656,-1.0,0.9941406,1.0,0.10809448,0.9782518,-0.015626721,0.0047318186,-0.015656667,0.23359619,0.0029296875,0.9970703
90112,7806.263771935404,1.0,2.7055664,33.0,1.9396983,-1.0,0.9951172,1.0,0.09870047,0.97862697,-0.018926064,0.002029105,-0.01732178,0.26188347,0.0024414062,0.9975586
92160,7787.4672425266035,1.0,2.7001953,29.0,1.7624998,-1.0,0.99609375,1.0,0.08830199,0.97945386,-0.0090133445,0.005260581,-0.00920768,0.2435956,0.001953125,0.9980469
94208,7800.790975351492,1.0,2.769043,29.0,1.8154283,-1.0,0.9970703,1.0,0.07649047,0.9796752,-0.016698688,0.00025353066,-0.0143462075,0.24792461,0.0014648438,0.99853516
96256,7778.462091254099,1.0,2.7797852,53.0,2.0752075,-1.0,0.99609375,1.0,0.08830199,0.97870165,-0.012110657,0.0069280504,-0.012845883,0.2728798,0.001953125,0.9980469
98304,7813.00187276989,1.0,2.7973633,53.0,2.1549933,-1.0,0.99609375,1.0,0.08830199,0.97854453,-0.011344664,0.005741475,-0.0115657905,0.26496086,0.001953125,0.9980469
100352,7342.182133659503,1.0,2.7109375,53.0,2.2276313,-1.0,0.9951172,1.0,0.09870047,0.97854507,-0.019866735,0.0056804316,-0.019849904,0.28570506,0.0024414062,0.9975586
102400,7665.3821851235125,1.0,2.8032227,100.0,3.2834594,-1.0,0.99658203,1.0,0.07959883,0.97952986,-0.020738665,0.001612028,-0.019126398,0.24182783,0.001953125,0.9980469
104448,7785.8508458906435,1.0,2.7700195,100.0,3.2259233,-1.0,0.99658203,1.0,0.07959883,0.9798308,-0.010766536,0.0032865617,-0.010130268,0.22795491,0.001953125,0.9980469
106496,7791.274424561477,1.0,2.6826172,23.0,1.7798378,-1.0,0.9921875,1.0,0.12475562,0.97586304,-0.01659761,0.015219514,-0.021671643,0.25357246,0.00390625,0.99609375
108544,7833.307579580719,1.0,2.6914062,27.0,1.8260496,-1.0,0.99121094,1.0,0.13229088,0.97477823,-0.016927825,0.0026485405,-0.01597989,0.2272207,0.0043945312,0.99560547
110592,7821.3678775159,1.0,2.746582,27.0,1.8045996,-1.0,0.98828125,1.0,0.15264393,0.97144645,-0.00622953,0.01973019,-0.01337112,0.27235046,0.005859375,0.9941406
112640,7818.086212577112,1.0,2.784668,28.0,1.82646,-1.0,0.9892578,1.0,0.14618133,0.9722918,-0.015846614,0.0068808678,-0.016805952,0.2481095,0.0053710938,0.9946289
114688,7788.780617666794,1.0,2.822754,28.0,1.7394576,-1.0,0.99121094,1.0,0.13229088,0.9738742,-0.022474593,0.0023150695,-0.020979082,0.26530463,0.0043945312,0.99560547
116736,7774.695564497882,1.0,2.8256836,70.0,2.4916625,-1.0,0.9951172,1.0,0.09870047,0.9773747,-0.014236785,0.007880187,-0.015283423,0.28934556,0.0024414062,0.9975586
118784,7787.389583675186,1.0,2.746582,70.0,2.4316313,-1.0,0.9970703,1.0,0.07649047,0.9800463,-0.0064881104,0.00016270437,-0.0040824898,0.24869724,0.0014648438,0.99853516
120832,7779.089026420124,1.0,2.6948242,55.0,2.0458925,-1.0,0.99609375,1.0,0.08830199,0.9797069,-0.004974707,0.014051936,-0.0091288155,0.28718588,0.001953125,0.9980469
122880,7806.398561939564,1.0,2.7050781,29.0,1.7221369,-1.0,0.99609375,1.0,0.08830199,0.97955513,-0.011506273,0.0002900985,-0.00902709,0.26242313,0.001953125,0.9980469
124928,7819.032700918357,1.0,2.7260742,17.0,1.6564456,-1.0,0.9970703,1.0,0.07649047,0.980075,-0.018920077,0.00014282828,-0.016596315,0.23951755,0.0014648438,0.99853516
126976,7801.301067124395,1.0,2.7109375,13.0,1.6015244,-1.0,0.99902344,1.0,0.044183385,0.9821583,-0.011790698,0.003859569,-0.011306843,0.24136423,0.00048828125,0.9995117
129024,7802.009638597989,1.0,2.6884766,36.0,1.7310987,-1.0,0.9951172,1.0,0.09870047,0.97857964,-0.011716376,0.009235292,-0.014087157,0.22468649,0.0024414062,0.9975586
131072,7543.771854930143,1.0,2.6542969,63.0,2.1377425,-1.0,0.9941406,1.0,0.10809448,0.9780328,-0.015166083,0.0031207919,-0.014487589,0.22388919,0.0029296875,0.9970703
133120,7793.69911555812,1.0,2.6362305,63.0,2.0745378,-1.0,0.99609375,1.0,0.08830199,0.9800849,-0.014577444,0.002491913,-0.013557698,0.22657032,0.001953125,0.9980469
135168,7779.730154518029,1.0,2.6293945,63.0,2.066959,-1.0,0.9970703,1.0,0.07649047,0.9813025,-0.011573818,0.002292344,-0.010768532,0.19514602,0.0014648438,0.99853516
137216,7707.212167977232,1.0,2.6049805,28.0,1.6149673,-1.0,0.9970703,1.0,0.07649047,0.98148596,-0.008416901,0.00375644,-0.008188426,0.21066971,0.0014648438,0.99853516
139264,7781.0409209779,1.0,2.6333008,23.0,1.6049862,-1.0,0.9980469,1.0,0.062469475,0.98194927,-0.010842617,0.0022300945,-0.00983368,0.21239841,0.0009765625,0.99902344
141312,7779.899260858658,1.0,2.6308594,23.0,1.5437832,-1.0,0.99902344,1.0,0.044183385,0.9829025,-0.009172318,7.851575e-05,-0.007325619,0.18859568,0.00048828125,0.9995117
143360,7816.9052026950785,1.0,2.581543,23.0,1.4977819,-1.0,0.9980469,1.0,0.062469475,0.9824361,-0.0120619,0.002286253,-0.011397261,0.18077652,0.0009765625,0.99902344
145408,7819.5950092579615,1.0,2.5800781,51.0,1.7813689,-1.0,0.99902344,1.0,0.044183385,0.9834465,-0.010676929,0.00014401345,-0.008797869,0.19510673,0.00048828125,0.9995117
147456,7790.504211801752,1.0,2.6552734,51.0,1.9526403,-1.0,0.99902344,1.0,0.044183385,0.9828497,-0.01395412,0.0059958077,-0.015098524,0.18534993,0.00048828125,0.9995117
149504,7794.8236096932405,1.0,2.684082,51.0,2.0987117,-1.0,0.9980469,1.0,0.062469475,0.98172593,-0.010606363,0.0050013787,-0.011308029,0.17990243,0.0009765625,0.99902344
151552,7756.947073558813,1.0,2.6762695,52.0,2.1499414,-1.0,0.9980469,1.0,0.062469475,0.98181295,-0.009199622,0.0003002578,-0.0073532457,0.19965057,0.0009765625,0.99902344
153600,7789.317393070629,1.0,2.6074219,52.0,1.908345,-1.0,0.99902344,1.0,0.044183385,0.9832796,-0.010657437,6.804932e-05,-0.0088208085,0.18706554,0.00048828125,0.9995117
155648,7761.236342740252,1.0,2.6333008,52.0,1.9156542,1.0,1.0,1.0,0.0,0.9838907,-0.015809221,5.2881845e-05,-0.014139468,0.16961971,0.0,1.0
157696,7797.278821558051,1.0,2.574707,17.0,1.4843864,-1.0,0.9980469,1.0,0.062469475,0.98247296,-0.014556092,0.0032781444,-0.01438409,0.18110768,0.0009765625,0.99902344
159744,7782.338027837245,1.0,2.5810547,33.0,1.6346685,-1.0,0.9970703,1.0,0.07649047,0.98150283,-0.012430924,0.004133367,-0.012636709,0.18609005,0.0014648438,0.99853516
161792,7810.352106810788,1.0,2.5751953,33.0,1.5719122,-1.0,0.9970703,1.0,0.07649047,0.98155105,-0.010977116,0.00012286473,-0.009164078,0.187447,0.0014648438,0.99853516
163840,7660.316841678148,1.0,2.6938477,39.0,1.8981696,-1.0,0.9970703,1.0,0.07649047,0.98044926,-0.013161111,0.0043983916,-0.013315,0.20453084,0.0014648438,0.99853516
165888,7754.440188346766,1.0,2.6782227,42.0,1.9688675,-1.0,0.9970703,1.0,0.07649047,0.9805864,-0.020321494,0.0022605301,-0.019483138,0.19686198,0.0014648438,0.99853516
167936,7802.257669023711,1.0,2.659668,42.0,1.9729356,-1.0,0.9980469,1.0,0.062469475,0.9817467,-0.014009598,0.0035730873,-0.013659279,0.2136863,0.0009765625,0.99902344
169984,7738.003608693654,1.0,2.6552734,42.0,1.7971632,-1.0,0.9941406,1.0,0.10809448,0.9781818,-0.010874877,0.018644368,-0.017745314,0.24517475,0.0029296875,0.9970703
172032,7805.802683435488,1.0,2.6464844,17.0,1.6147596,-1.0,0.9941406,1.0,0.10809448,0.97824216,-0.015390202,0.00019956092,-0.01333721,0.21527739,0.0029296875,0.9970703
174080,7796.2739081503,1.0,2.6992188,56.0,2.013955,-1.0,0.9951172,1.0,0.09870047,0.97866416,-0.014801639,0.0029017336,-0.014036037,0.22164679,0.0024414062,0.9975586
176128,7788.356899865811,1.0,2.6582031,56.0,1.9593953,-1.0,0.9980469,1.0,0.062469475,0.9817462,-0.011226785,0.0022272083,-0.010407165,0.19332275,0.0009765625,0.99902344
178176,7783.684938681494,1.0,2.6289062,56.0,1.9602953,-1.0,0.9980469,1.0,0.062469475,0.98202646,-0.010975126,0.0022767948,-0.010103057,0.20104674,0.0009765625,0.99902344
180224,7743.514276931453,1.0,2.5527344,14.0,1.4918896,-1.0,0.9980469,1.0,0.062469475,0.9827111,-0.004607705,0.0026358925,-0.003874337,0.20513144,0.0009765625,0.99902344
182272,7647.481868919916,1.0,2.6088867,91.0,2.5929701,-1.0,0.9980469,1.0,0.062469475,0.9828904,-0.014227829,0.004689772,-0.014427018,0.21456943,0.0009765625,0.99902344
184320,7758.99299607802,1.0,2.647461,91.0,2.5872912,-1.0,0.9980469,1.0,0.062469475,0.9825076,-0.018429171,4.787854e-05,-0.016622037,0.18310715,0.0009765625,0.99902344
186368,7795.057035931947,1.0,2.7104492,91.0,2.6765125,-1.0,0.9970703,1.0,0.07649047,0.9813143,-0.00785853,0.008539636,-0.009899001,0.22293465,0.0014648438,0.99853516
188416,7788.0603248344005,1.0,2.6342773,39.0,1.9368792,-1.0,0.99609375,1.0,0.08830199,0.98061574,-0.011328382,0.0017905891,-0.010535834,0.16878453,0.001953125,0.9980469
190464,7787.7072887692975,1.0,2.5595703,39.0,1.7386253,-1.0,0.9951172,1.0,0.09870047,0.980374,-0.008745001,0.0028354607,-0.008365403,0.17973278,0.0024414062,0.9975586
192512,7768.430803012257,1.0,2.5395508,45.0,1.6858783,-1.0,0.9970703,1.0,0.07649047,0.9819187,-0.0068542683,0.0036729462,-0.006803044,0.18876973,0.0014648438,0.99853516
194560,7786.768368618813,1.0,2.5629883,45.0,1.710759,-1.0,0.9970703,1.0,0.07649047,0.98178446,-0.012613781,0.005120026,-0.013323215,0.18505792,0.0014648438,0.99853516
196608,7806.56173501474,1.0,2.5742188,45.0,1.7256564,-1.0,0.9970703,1.0,0.07649047,0.98171324,-0.010012794,0.004252213,-0.01032753,0.18113713,0.0014648438,0.99853516
198656,7761.011949700309,1.0,2.5634766,14.0,1.4543421,-1.0,0.9980469,1.0,0.062469475,0.9827202,-0.017758673,7.937734e-05,-0.015991785,0.18065755,0.0009765625,0.99902344
200704,7772.592122205261,1.0,2.5405273,12.0,1.4270402,-1.0,0.9970703,1.0,0.07649047,0.98192245,-0.008867356,0.009419287,-0.0120117115,0.15652865,0.0014648438,0.99853516
202752,7791.882222853157,1.0,2.5195312,23.0,1.4589465,-1.0,0.9970703,1.0,0.07649047,0.9821342,-0.010689496,0.00016569035,-0.008987098,0.17852451,0.0014648438,0.99853516
204800,7689.308907581681,1.0,2.6069336,27.0,1.7802329,-1.0,0.99121094,1.0,0.13229088,0.97611415,-0.011110035,0.030223398,-0.023816437,0.2405299,0.0043945312,0.99560547
206848,7744.6103701032325,1.0,2.6606445,27.0,1.8777517,-1.0,0.99316406,1.0,0.11672679,0.97748566,-0.017805194,0.0003485119,-0.016032467,0.19469814,0.0034179688,0.99658203
208896,7762.176129545291,1.0,2.6958008,27.0,1.8204947,-1.0,0.9951172,1.0,0.09870047,0.9788816,-0.015149278,0.00010443612,-0.013367622,0.18338762,0.0024414062,0.9975586
210944,7793.656688169702,1.0,2.6220703,22.0,1.5592906,1.0,1.0,1.0,0.0,0.9839488,-0.017362973,0.00019574566,-0.015428767,0.20320809,0.0,1.0
212992,7756.49879633392,1.0,2.605957,27.0,1.7276766,-1.0,0.9980469,1.0,0.062469475,0.9824249,-0.013303633,0.0048635895,-0.013723171,0.20122562,0.0009765625,0.99902344
215040,7782.175865830281,1.0,2.569336,27.0,1.6283249,-1.0,0.9980469,1.0,0.062469475,0.98277146,-0.02210187,8.1941245e-05,-0.02004489,0.20979543,0.0009765625,0.99902344
217088,7785.596800902013,1.0,2.609375,22.0,1.6318216,-1.0,0.99902344,1.0,0.044183385,0.98310876,-0.013014612,0.0010270231,-0.011561344,0.19667818,0.00048828125,0.9995117
219136,7784.404422372857,1.0,2.621582,22.0,1.5366178,-1.0,0.99902344,1.0,0.044183385,0.98297393,-0.020881422,5.0241357e-05,-0.018822538,0.20840088,0.00048828125,0.9995117
221184,7780.406623993363,1.0,2.6103516,19.0,1.5095819,-1.0,0.9970703,1.0,0.07649047,0.9812515,-0.011802479,0.007884745,-0.013683553,0.20612963,0.0014648438,0.99853516
223232,7794.675073001908,1.0,2.6186523,19.0,1.4559226,-1.0,0.9980469,1.0,0.062469475,0.9821384,-0.012581445,9.206365e-05,-0.010719804,0.19076763,0.0009765625,0.99902344
225280,7788.88655432087,1.0,2.6074219,52.0,1.9124345,-1.0,0.9980469,1.0,0.062469475,0.9823152,-0.012710801,0.00014202518,-0.010511307,0.22705069,0.0009765625,0.99902344
227328,7748.641354245503,1.0,2.578125,52.0,1.876757,-1.0,0.9970703,1.0,0.07649047,0.9816493,-0.009494691,0.008303159,-0.011657662,0.19886084,0.0014648438,0.99853516
229376,7789.162003108434,1.0,2.5234375,33.0,1.4998169,-1.0,0.9970703,1.0,0.07649047,0.9821359,-0.007043606,5.18638e-05,-0.0051864577,0.18830799,0.0014648438,0.99853516
231424,7795.141921666848,1.0,2.4882812,22.0,1.4282513,-1.0,0.9980469,1.0,0.062469475,0.9833671,-0.0145837655,8.610434e-05,-0.012730615,0.18962012,0.0009765625,0.99902344
233472,7780.519380343487,1.0,2.5356445,22.0,1.4759461,-1.0,0.99902344,1.0,0.044183385,0.9838346,-0.015381396,0.0024660898,-0.014780867,0.18335743,0.00048828125,0.9995117
235520,7771.797472110887,1.0,2.5410156,28.0,1.5522405,-1.0,0.99609375,1.0,0.08830199,0.9810945,-0.018358907,0.005818386,-0.0196351,0.16330007,0.001953125,0.9980469
237568,7772.936755502629,1.0,2.5009766,28.0,1.5107036,-1.0,0.99609375,1.0,0.08830199,0.98148465,-0.0075873258,5.6642883e-05,-0.0059173643,0.16982837,0.001953125,0.9980469
239616,7783.233565835422,1.0,2.5615234,28.0,1.6420748,-1.0,0.9980469,1.0,0.062469475,0.98283815,-0.0052182362,8.831198e-05,-0.0033396499,0.19227429,0.0009765625,0.99902344
241664,7778.426873175361,1.0,2.569336,31.0,1.6226176,1.0,1.0,1.0,0.0,0.9844786,-0.014101224,4.162055e-05,-0.012355926,0.17661074,0.0,1.0
243712,7773.675358347444,1.0,2.5708008,31.0,1.6529645,1.0,1.0,1.0,0.0,0.9844687,-0.01686575,5.803826e-05,-0.015132988,0.1761782,0.0,1.0
245760,7777.891597639994,1.0,2.5483398,23.0,1.4458342,1.0,1.0,1.0,0.0,0.9846618,-0.015283579,3.3998265e-05,-0.0134873735,0.18132044,0.0,1.0
247808,7766.506295077046,1.0,2.5546875,20.0,1.4637339,-1.0,0.99902344,1.0,0.044183385,0.98363507,-0.013718001,0.0017902515,-0.012938666,0.16744608,0.00048828125,0.9995117
249856,7786.9871944332135,1.0,2.555664,20.0,1.499618,-1.0,0.99902344,1.0,0.044183385,0.98363054,-0.008306404,6.20313e-05,-0.006681868,0.1655551,0.00048828125,0.9995117
251904,7778.433916765595,1.0,2.5483398,20.0,1.494981,-1.0,0.9970703,1.0,0.07649047,0.98187137,-0.009341292,0.00790779,-0.011508844,0.17863438,0.0014648438,0.99853516
253952,7782.4649419481675,1.0,2.5668945,45.0,1.704033,-1.0,0.9980469,1.0,0.062469475,0.9826827,-0.007354965,0.00012786049,-0.0058148634,0.16040325,0.0009765625,0.99902344
256000,7787.7072887692975,1.0,2.5864258,51.0,2.010313,-1.0,0.9941406,1.0,0.10809448,0.9791876,-0.017672503,0.012659252,-0.022049168,0.19529597,0.0029296875,0.9970703
258048,7806.058048797776,1.0,2.5429688,51.0,1.7611558,-1.0,0.99609375,1.0,0.08830199,0.98140734,-0.010187408,0.0001604157,-0.008719426,0.15481898,0.001953125,0.9980469
260096,7803.604395125209,1.0,2.553711,51.0,1.7782446,-1.0,0.9970703,1.0,0.07649047,0.98221457,-0.012763239,0.0025638172,-0.012262004,0.17831448,0.0014648438,0.99853516
262144,7806.214113633534,1.0,2.5341797,16.0,1.3974738,-1.0,0.9980469,1.0,0.062469475,0.9828812,-0.008146516,0.0016508683,-0.0072563128,0.17156371,0.0009765625,0.99902344
264192,7792.638569409442,1.0,2.46875,11.0,1.3139873,-1.0,0.9980469,1.0,0.062469475,0.9835181,-0.00928549,0.0027381987,-0.008973694,0.16808961,0.0009765625,0.99902344
266240,7760.107496826824,1.0,2.4833984,9.0,1.362413,-1.0,0.9980469,1.0,0.062469475,0.9833795,-0.011478744,3.1296324e-05,-0.009650341,0.18440516,0.0009765625,0.99902344
268288,7789.903692841486,1.0,2.5112305,13.0,1.4158943,-1.0,0.99902344,1.0,0.044183385,0.98408735,-0.011140626,0.003338372,-0.011069284,0.17405277,0.00048828125,0.9995117
270336,7753.915208170288,1.0,2.524414,13.0,1.4070793,-1.0,0.99902344,1.0,0.044183385,0.9839557,-0.014058827,0.0001229989,-0.012508553,0.16117735,0.00048828125,0.9995117
272384,7779.9767703884045,1.0,2.4995117,11.0,1.3746446,-1.0,0.9951172,1.0,0.09870047,0.98035824,-0.011067844,0.007057746,-0.012851193,0.17455247,0.0024414062,0.9975586
274432,7785.900245452601,1.0,2.5473633,48.0,1.8910002,-1.0,0.9921875,1.0,0.12475562,0.9777513,-0.010002568,0.014653364,-0.015456276,0.18729761,0.00390625,0.99609375
276480,7786.35898560827,1.0,2.5498047,48.0,1.8842118,-1.0,0.9951172,1.0,0.09870047,0.9805888,-0.0062185624,0.0037127167,-0.006316133,0.17587867,0.0024414062,0.9975586
278528,7797.158501372909,1.0,2.553711,27.0,1.4970822,-1.0,0.9980469,1.0,0.062469475,0.98279405,-0.008797843,0.00014263681,-0.0070546283,0.18145336,0.0009765625,0.99902344
280576,7747.236670412546,1.0,2.550293,37.0,1.6051704,-1.0,0.9980469,1.0,0.062469475,0.9828514,-0.0133183645,0.003450583,-0.013002402,0.2041254,0.0009765625,0.99902344
282624,7773.267350852125,1.0,2.618164,83.0,2.4384418,-1.0,0.9980469,1.0,0.062469475,0.9828217,-0.023691729,0.006883856,-0.025042389,0.2091269,0.0009765625,0.99902344
284672,7774.554830488072,1.0,2.6123047,83.0,2.5186965,-1.0,0.9941406,1.0,0.10809448,0.9793515,-0.014269354,0.011060046,-0.017942369,0.18570031,0.0029296875,0.9970703
286720,7756.919054714238,1.0,2.5683594,83.0,2.337119,-1.0,0.9941406,1.0,0.10809448,0.97971046,-0.009133692,0.00046321857,-0.0076517495,0.17135505,0.0029296875,0.9970703
288768,7753.950204637241,1.0,2.5273438,38.0,1.6247699,-1.0,0.99316406,1.0,0.11672679,0.97873855,-0.006246142,0.012394433,-0.010442817,0.20005432,0.0034179688,0.99658203
290816,7761.572956630638,1.0,2.5463867,53.0,1.850569,-1.0,0.9970703,1.0,0.07649047,0.9820905,-0.00987019,0.0002802105,-0.008156943,0.18533516,0.0014648438,0.99853516
292864,7750.927674902504,1.0,2.5527344,53.0,1.8262283,-1.0,0.9980469,1.0,0.062469475,0.9827761,-0.017754227,0.00012514553,-0.015738908,0.20778911,0.0009765625,0.99902344
294912,7743.193187380392,1.0,2.5634766,19.0,1.4917984,-1.0,0.99902344,1.0,0.044183385,0.9835712,-0.013490367,0.0031706267,-0.013112781,0.19628982,0.00048828125,0.9995117
296960,7762.393575327871,1.0,2.578125,18.0,1.4992673,-1.0,0.9980469,1.0,0.062469475,0.98245096,-0.008950655,0.0010782906,-0.0075403997,0.19494008,0.0009765625,0.99902344
299008,7759.630815815314,1.0,2.618164,82.0,2.3658752,-1.0,0.99609375,1.0,0.08830199,0.9807864,-0.014245826,0.007997881,-0.016402358,0.18424092,0.001953125,0.9980469
301056,7776.060948849605,1.0,2.5717773,82.0,2.3257067,-1.0,0.9980469,1.0,0.062469475,0.98316026,-0.009956703,5.254615e-05,-0.008209082,0.17738947,0.0009765625,0.99902344
303104,7799.367322127218,1.0,2.5605469,82.0,2.2343743,-1.0,0.9980469,1.0,0.062469475,0.98326236,-0.011311526,0.0022278978,-0.010575957,0.1849518,0.0009765625,0.99902344
305152,7774.885563493422,1.0,2.5458984,25.0,1.5401027,-1.0,0.99902344,1.0,0.044183385,0.9837419,-0.015525619,0.00013314662,-0.013755771,0.18364216,0.00048828125,0.9995117
307200,7763.600270056045,1.0,2.5097656,25.0,1.492135,1.0,1.0,1.0,0.0,0.98504966,-0.011960353,2.4013745e-05,-0.0103778215,0.15945382,0.0,1.0
309248,7749.689957714699,1.0,2.567871,28.0,1.6982535,-1.0,0.9980469,1.0,0.062469475,0.98267424,-0.013657862,0.007480841,-0.015469983,0.19282967,0.0009765625,0.99902344
311296,7775.842736682976,1.0,2.6298828,28.0,1.8016174,-1.0,0.9970703,1.0,0.07649047,0.98110163,-0.0161536,0.0010707702,-0.014857492,0.18314914,0.0014648438,0.99853516
313344,7749.850768675568,1.0,2.6582031,28.0,1.8313596,-1.0,0.99609375,1.0,0.08830199,0.97988856,-0.0094658,0.0014769124,-0.008647508,0.15567467,0.001953125,0.9980469
315392,7774.815192412302,1.0,2.5854492,20.0,1.546014,-1.0,0.9980469,1.0,0.062469475,0.9823944,-0.014067367,1.8781158e-05,-0.012348487,0.17282672,0.0009765625,0.99902344
317440,7761.558930468914,1.0,2.541504,19.0,1.4396166,-1.0,0.99902344,1.0,0.044183385,0.98382777,-0.0113953445,0.0048038377,-0.011967065,0.18301985,0.00048828125,0.9995117
319488,7779.4553723933195,1.0,2.5732422,18.0,1.469583,-1.0,0.9980469,1.0,0.062469475,0.98259854,-0.009630772,0.004274876,-0.009914498,0.1853712,0.0009765625,0.99902344
321536,7714.230566546747,1.0,2.5913086,18.0,1.5124687,-1.0,0.9970703,1.0,0.07649047,0.98144954,-0.015832178,0.0010486164,-0.014643097,0.17133884,0.0014648438,0.99853516
323584,7722.17106312361,1.0,2.569336,18.0,1.4925194,-1.0,0.9980469,1.0,0.062469475,0.9825651,-0.011627723,7.210724e-05,-0.009820095,0.18436803,0.0009765625,0.99902344
325632,7787.050726812045,1.0,2.5629883,12.0,1.4563764,-1.0,0.9970703,1.0,0.07649047,0.981637,-0.012832664,0.0046736496,-0.013118564,0.20509258,0.0014648438,0.99853516
327680,7740.032575062669,1.0,2.5317383,10.0,1.3838382,-1.0,0.9970703,1.0,0.07649047,0.9819362,-0.007549131,0.0009512802,-0.006200974,0.18237972,0.0014648438,0.99853516
329728,7743.598043802595,1.0,2.4765625,10.0,1.3358918,-1.0,0.9980469,1.0,0.062469475,0.9834048,-0.008761598,5.197499e-05,-0.0071039717,0.16836135,0.0009765625,0.99902344
331776,7774.688527676382,1.0,2.4702148,10.0,1.3225403,-1.0,0.99902344,1.0,0.044183385,0.9844425,-0.012802902,0.0009539081,-0.011397863,0.18819922,0.00048828125,0.9995117
333824,7777.201482659153,1.0,2.4838867,10.0,1.3249904,-1.0,0.9980469,1.0,0.062469475,0.9833599,-0.01205517,0.0028694456,-0.011680368,0.18095253,0.0009765625,0.99902344
335872,7773.689428335359,1.0,2.5620117,58.0,1.9011362,-1.0,0.9951172,1.0,0.09870047,0.98044,-0.008977371,0.011082757,-0.012452701,0.20660488,0.0024414062,0.9975586
337920,7768.746963020844,1.0,2.5786133,58.0,1.9005219,-1.0,0.99121094,1.0,0.13229088,0.9765316,-0.010993279,0.011541232,-0.015015329,0.1748566,0.0043945312,0.99560547
339968,7779.65969571246,1.0,2.6108398,58.0,1.9221721,-1.0,0.99316406,1.0,0.11672679,0.97812146,-0.0066014924,0.00015026882,-0.005138189,0.15384383,0.0034179688,0.99658203
342016,7756.968087825079,1.0,2.5776367,11.0,1.4020171,-1.0,0.99609375,1.0,0.08830199,0.9806223,-0.011714037,0.002308062,-0.011095536,0.17725302,0.001953125,0.9980469
344064,7789.105499204762,1.0,2.762207,80.0,3.0637112,-1.0,0.9980469,1.0,0.062469475,0.9813017,-0.031271692,0.0065336116,-0.031418245,0.3120255,0.0009765625,0.99902344
346112,7747.795687538672,1.0,2.7993164,80.0,3.1626265,-1.0,0.99609375,1.0,0.08830199,0.9792705,-0.009789738,0.0028233582,-0.009274007,0.19274096,0.001953125,0.9980469
348160,7777.454980053709,1.0,2.805664,80.0,3.1893878,-1.0,0.9951172,1.0,0.09870047,0.97827774,-0.007469608,0.0050889193,-0.0081642335,0.1849833,0.0024414062,0.9975586
350208,7769.8783240452885,1.0,2.5986328,53.0,1.8650879,-1.0,0.99609375,1.0,0.08830199,0.9808666,-0.019938959,0.010620398,-0.023362959,0.1886196,0.001953125,0.9980469
352256,7747.509181183962,1.0,2.5791016,53.0,1.9621896,-1.0,0.99609375,1.0,0.08830199,0.9814704,-0.013559723,0.011314849,-0.017551815,0.16653332,0.001953125,0.9980469
354304,7770.117287150082,1.0,2.4980469,35.0,1.5829895,-1.0,0.99609375,1.0,0.08830199,0.98195404,-0.0067981654,0.0048636287,-0.0077300156,0.14999628,0.001953125,0.9980469
356352,7754.678202778706,1.0,2.491211,16.0,1.3639185,-1.0,0.9970703,1.0,0.07649047,0.9825739,-0.0106684305,0.007753338,-0.012891426,0.16536757,0.0014648438,0.99853516
358400,7463.0706312467855,1.0,2.567871,61.0,1.9274647,-1.0,0.9970703,1.0,0.07649047,0.9817661,-0.010867847,0.002173264,-0.010060853,0.18936263,0.0014648438,0.99853516
360448,7730.87232803628,1.0,2.6313477,61.0,1.9898016,-1.0,0.99609375,1.0,0.08830199,0.98022085,-0.009564293,0.008775403,-0.012218917,0.1733079,0.001953125,0.9980469
362496,7741.030017221445,1.0,2.6103516,61.0,2.0402515,-1.0,0.9951172,1.0,0.09870047,0.9794618,-0.011167596,0.0047993,-0.011850259,0.17169856,0.0024414062,0.9975586
364544,7757.738689555331,1.0,2.6103516,30.0,1.6596457,-1.0,0.9980469,1.0,0.062469475,0.9821838,-0.017380368,0.00020458938,-0.01562516,0.18575041,0.0009765625,0.99902344
366592,7762.758350450994,1.0,2.6074219,30.0,1.7222077,-1.0,0.99902344,1.0,0.044183385,0.98331994,-0.013611178,0.0062172427,-0.014752737,0.19670637,0.00048828125,0.9995117
368640,7735.181559330825,1.0,2.597168,30.0,1.6510329,-1.0,0.99902344,1.0,0.044183385,0.9834098,-0.012290962,5.5469776e-05,-0.010459929,0.1858768,0.00048828125,0.9995117
370688,7770.032945552369,1.0,2.5649414,15.0,1.5063931,1.0,1.0,1.0,0.0,0.98450655,-0.017305357,0.00011533529,-0.015427771,0.19352537,0.0,1.0
372736,7774.287449905694,1.0,2.543457,15.0,1.4634432,-1.0,0.9980469,1.0,0.062469475,0.98287416,-0.008816989,0.0075282804,-0.010631031,0.1950097,0.0009765625,0.99902344
374784,7761.762314775743,1.0,2.5205078,15.0,1.4188907,-1.0,0.9980469,1.0,0.062469475,0.98309505,-0.011933127,5.549472e-05,-0.010132908,0.18279678,0.0009765625,0.99902344
376832,7723.802794257547,1.0,2.4863281,13.0,1.4299423,-1.0,0.9970703,1.0,0.07649047,0.9824873,-0.014506327,0.0031808906,-0.014089591,0.20071785,0.0014648438,0.99853516
378880,7747.886535441665,1.0,2.5444336,13.0,1.4707361,-1.0,0.99902344,1.0,0.044183385,0.9837569,-0.0044398266,0.00045791265,-0.0025205906,0.2148193,0.00048828125,0.9995117
380928,7774.5337208260435,1.0,2.6328125,100.0,2.6057584,-1.0,0.9975586,1.0,0.066246286,0.98186666,-0.0131227095,0.0019301653,-0.012110575,0.19772139,0.0014648438,0.99853516
382976,7748.816101783595,1.0,2.637207,100.0,2.580486,-1.0,0.9975586,1.0,0.066246286,0.9818169,-0.016309395,0.00014748125,-0.014129634,0.2253501,0.0014648438,0.99853516
385024,7730.39923181385,1.0,2.6704102,22.0,1.8321306,-1.0,0.98828125,1.0,0.15264393,0.97252864,0.0025274877,0.042332433,-0.01602716,0.2611564,0.005859375,0.9941406
387072,7692.45577654992,1.0,2.7226562,25.0,2.0653944,-1.0,0.9873047,1.0,0.15883783,0.9711943,-0.012046644,0.009556285,-0.014576365,0.22484207,0.0063476562,0.99365234
389120,7751.9768973085365,1.0,2.7416992,27.0,2.193781,-1.0,0.9824219,1.0,0.1866742,0.9663316,-0.0043417597,0.011979557,-0.008117701,0.22138356,0.0087890625,0.99121094
391168,7778.976311523658,1.0,2.6142578,27.0,1.8819226,-1.0,0.99316406,1.0,0.11672679,0.97750235,-0.010250733,0.0008926928,-0.008561252,0.21358275,0.0034179688,0.99658203
393216,7778.173312422354,1.0,2.5668945,27.0,1.7335775,-1.0,0.99902344,1.0,0.044183385,0.9835839,-0.016054513,0.000181323,-0.014137506,0.20076671,0.00048828125,0.9995117
395264,7782.105362717724,1.0,2.5839844,18.0,1.618912,1.0,1.0,1.0,0.0,0.98433506,-0.01462647,8.504917e-05,-0.01279632,0.18726759,0.0,1.0
397312,7751.997884654086,1.0,2.567871,17.0,1.5870826,1.0,1.0,1.0,0.0,0.9844897,-0.018704124,9.286029e-05,-0.016657168,0.20933862,0.0,1.0
399360,7697.370590443897,1.0,2.6132812,24.0,1.8175734,-1.0,0.9980469,1.0,0.062469475,0.98220134,-0.012506141,0.006445644,-0.013709083,0.20198813,0.0009765625,0.99902344
401408,7772.057649382528,1.0,2.6586914,24.0,1.834514,-1.0,0.9970703,1.0,0.07649047,0.9808173,-0.014604084,0.0014641908,-0.013380473,0.19557074,0.0014648438,0.99853516
403456,7778.067666987511,1.0,2.6523438,24.0,1.7455955,-1.0,0.99609375,1.0,0.08830199,0.9799172,-0.0099145705,0.006500117,-0.011111393,0.20532365,0.001953125,0.9980469
405504,7783.304089391792,1.0,2.5922852,29.0,1.6178565,-1.0,0.99609375,1.0,0.08830199,0.9804231,-0.012522928,0.00296764,-0.012074846,0.19319019,0.001953125,0.9980469
407552,7766.723983536952,1.0,2.5595703,29.0,1.6391706,-1.0,0.99609375,1.0,0.08830199,0.9807496,-0.01737811,0.0001821611,-0.015448756,0.20204286,0.001953125,0.9980469
409600,7770.138372835607,1.0,2.5581055,25.0,1.5472829,-1.0,0.9980469,1.0,0.062469475,0.9826459,-0.015231657,8.431516e-05,-0.013482958,0.17908536,0.0009765625,0.99902344
411648,7464.756860850311,1.0,2.5795898,49.0,1.876175,1.0,1.0,1.0,0.0,0.98441565,-0.01744062,0.00016244891,-0.015541397,0.19804472,0.0,1.0
413696,7711.986612104769,1.0,2.5205078,49.0,1.8091481,-1.0,0.99902344,1.0,0.044183385,0.9840597,-0.011325012,0.00332214,-0.011256735,0.17293476,0.00048828125,0.9995117
415744,7781.463843094057,1.0,2.5029297,49.0,1.7861749,-1.0,0.99902344,1.0,0.044183385,0.9842297,-0.008086689,3.751869e-05,-0.006271397,0.18340515,0.00048828125,0.9995117
417792,7772.5499243098075,1.0,2.5185547,16.0,1.3787757,-1.0,0.99902344,1.0,0.044183385,0.98401904,-0.016156027,6.534228e-05,-0.014177519,0.20111786,0.00048828125,0.9995117
419840,7758.99299607802,1.0,2.5532227,24.0,1.5474588,-1.0,0.99902344,1.0,0.044183385,0.983727,-0.013744952,0.0044181165,-0.01406072,0.18932891,0.00048828125,0.9995117
421888,7750.62695019079,1.0,2.569336,35.0,1.6990566,-1.0,0.99902344,1.0,0.044183385,0.98358953,-0.019448666,4.2173484e-05,-0.017773239,0.16965164,0.00048828125,0.9995117
423936,7756.792972418476,1.0,2.541504,43.0,1.7993153,1.0,1.0,1.0,0.0,0.98477966,-0.021472584,0.0001507252,-0.019633783,0.19141683,0.0,1.0
425984,7776.610052997232,1.0,2.5732422,43.0,1.6584615,1.0,1.0,1.0,0.0,0.984444,-0.011527896,1.6916429e-05,-0.009923455,0.16129005,0.0,1.0
428032,7721.122952853152,1.0,2.565918,43.0,1.7140704,-1.0,0.99902344,1.0,0.044183385,0.98366797,-0.011625011,0.0046574567,-0.012215649,0.17380928,0.00048828125,0.9995117
430080,7768.121693662376,1.0,2.512207,25.0,1.4421959,-1.0,0.9980469,1.0,0.062469475,0.98319507,-0.010658293,0.0017630592,-0.010105497,0.14343266,0.0009765625,0.99902344
432128,7776.37069037316,1.0,2.4853516,25.0,1.3953676,-1.0,0.99902344,1.0,0.044183385,0.98431146,-0.009361702,3.9516017e-05,-0.007862737,0.1518722,0.00048828125,0.9995117
434176,7751.1374966613,1.0,2.4863281,11.0,1.3995705,-1.0,0.99902344,1.0,0.044183385,0.9843029,-0.011622363,9.458052e-05,-0.009975962,0.16936916,0.00048828125,0.9995117
436224,7735.460188642205,1.0,2.475586,11.0,1.3917269,1.0,1.0,1.0,0.0,0.985375,-0.012122328,6.26181e-05,-0.0106120845,0.15415514,0.0,1.0
438272,7738.700728019986,1.0,2.5019531,19.0,1.3985889,-1.0,0.99902344,1.0,0.044183385,0.98429966,-0.0071439967,0.001831067,-0.0064738975,0.15856315,0.00048828125,0.9995117
440320,7771.0662563078195,1.0,2.5288086,19.0,1.3743429,-1.0,0.9970703,1.0,0.07649047,0.98215353,-0.005633236,0.0060601975,-0.007091363,0.1571971,0.0014648438,0.99853516
442368,7762.021820573942,1.0,2.4824219,10.0,1.3198024,-1.0,0.9951172,1.0,0.09870047,0.98054916,-0.006855911,0.00686418,-0.008784616,0.15033862,0.0024414062,0.9975586
444416,7719.325863173683,1.0,2.46875,9.0,1.29791,-1.0,0.99609375,1.0,0.08830199,0.98159194,-0.004526131,0.00017300321,-0.0030193934,0.15932386,0.001953125,0.9980469
446464,7765.382935734865,1.0,2.503418,11.0,1.3531603,-1.0,0.99609375,1.0,0.08830199,0.981246,-0.00921478,0.0009977543,-0.007962177,0.17514835,0.001953125,0.9980469
448512,7421.353437089079,1.0,2.5683594,65.0,2.00298,-1.0,0.9980469,1.0,0.062469475,0.98305285,-0.0060926126,0.0063897814,-0.00734228,0.19452219,0.0009765625,0.99902344
450560,7682.225834118107,1.0,2.5341797,65.0,2.1173584,-1.0,0.9980469,1.0,0.062469475,0.9834121,-0.013013653,0.0010262382,-0.011888363,0.16384111,0.0009765625,0.99902344
452608,7782.08421203306,1.0,2.525879,65.0,2.0757892,-1.0,0.9980469,1.0,0.062469475,0.9834857,-0.016435852,4.4913097e-05,-0.014678861,0.17794442,0.0009765625,0.99902344
454656,7759.441561655963,1.0,2.4824219,15.0,1.3763075,-1.0,0.9951172,1.0,0.09870047,0.98050934,-0.008105048,0.009805384,-0.011137019,0.1870719,0.0024414062,0.9975586
456704,7751.767030103075,1.0,2.5014648,15.0,1.3764188,-1.0,0.99609375,1.0,0.08830199,0.98129725,-0.007963064,0.00024823667,-0.006291947,0.17952369,0.001953125,0.9980469
458752,7769.7799317448125,1.0,2.5151367,15.0,1.3706484,-1.0,0.99902344,1.0,0.044183385,0.9840039,-0.01226675,0.00094199035,-0.010831432,0.19063133,0.00048828125,0.9995117
460800,7778.54661594424,1.0,2.4770508,14.0,1.3304063,-1.0,0.99902344,1.0,0.044183385,0.9843758,-0.014492385,7.2821786e-05,-0.012623891,0.19049045,0.00048828125,0.9995117
462848,7770.567139930074,1.0,2.5307617,43.0,1.633401,1.0,1.0,1.0,0.0,0.98486024,-0.01785908,9.119382e-05,-0.015915288,0.19893873,0.0,1.0
464896,7760.107496826824,1.0,2.4873047,43.0,1.6246498,1.0,1.0,1.0,0.0,0.9852891,-0.011168476,1.8689623e-05,-0.009414875,0.17629462,0.0,1.0
466944,7733.99760865494,1.0,2.4335938,11.0,1.299596,1.0,1.0,1.0,0.0,0.9857788,-0.010507064,1.9613777e-05,-0.008664733,0.18521394,0.0,1.0
468992,7748.927944344412,1.0,2.4379883,9.0,1.2900089,1.0,1.0,1.0,0.0,0.9857341,-0.018890997,2.3828581e-05,-0.017020952,0.18819658,0.0,1.0
471040,7756.582844366908,1.0,2.4829102,13.0,1.36384,1.0,1.0,1.0,0.0,0.9852987,-0.018987125,3.550897e-05,-0.017100466,0.19044137,0.0,1.0
473088,7743.639927917792,1.0,2.4882812,13.0,1.3628223,1.0,1.0,1.0,0.0,0.98524535,-0.012865878,2.6317646e-05,-0.011086408,0.17926307,0.0,1.0
475136,7760.5982590469475,1.0,2.480957,43.0,1.6021923,1.0,1.0,1.0,0.0,0.98534834,-0.016807862,0.00015781731,-0.0151669,0.17198674,0.0,1.0
477184,7777.454980053709,1.0,2.5112305,100.0,3.0192854,-1.0,0.99853516,1.0,0.04938887,0.9841387,-0.014064314,0.0018493052,-0.0130690355,0.19199312,0.0009765625,0.99902344
479232,7734.784547241525,1.0,2.536621,100.0,3.0161722,-1.0,0.99853516,1.0,0.04938887,0.9838865,-0.008320154,3.6377467e-05,-0.006599735,0.17386071,0.0009765625,0.99902344
481280,7762.028834484996,1.0,2.543457,100.0,2.5329978,-1.0,0.99853516,1.0,0.04938887,0.98371875,-0.011302253,0.0017835282,-0.010473776,0.17202424,0.0009765625,0.99902344
483328,7781.8374625399965,1.0,2.555664,21.0,1.5132316,-1.0,0.9980469,1.0,0.062469475,0.98269403,-0.014855616,0.0037719577,-0.014784194,0.19574022,0.0009765625,0.99902344
485376,7626.691129087391,1.0,2.6391602,100.0,3.0487843,-1.0,0.9975586,1.0,0.066246286,0.9819877,-0.013108908,0.0043906635,-0.013572985,0.17312555,0.0014648438,0.99853516
487424,7796.967412240334,1.0,2.5830078,100.0,2.9603405,-1.0,0.99658203,1.0,0.07959883,0.98160744,-0.009697146,0.0040444946,-0.01001991,0.16994832,0.001953125,0.9980469
489472,7766.379900925915,1.0,2.4819336,30.0,1.4639767,-1.0,0.9970703,1.0,0.07649047,0.9825152,-0.0055702273,0.0025019308,-0.0053035687,0.15176244,0.0014648438,0.99853516
491520,7776.124303062948,1.0,2.4482422,13.0,1.3013877,-1.0,0.9970703,1.0,0.07649047,0.98276246,-0.008769708,0.0039455486,-0.009038057,0.17044237,0.0014648438,0.99853516
493568,7756.001549406286,1.0,2.4370117,32.0,1.439176,-1.0,0.99609375,1.0,0.08830199,0.9821561,-0.016534796,0.006118513,-0.017963216,0.16308391,0.001953125,0.9980469
495616,7773.133702537373,1.0,2.4926758,32.0,1.4826288,-1.0,0.9970703,1.0,0.07649047,0.98256814,-0.007204064,0.00010428647,-0.005651141,0.16050653,0.0014648438,0.99853516
497664,7769.344224366621,1.0,2.4609375,12.0,1.3100563,-1.0,0.99902344,1.0,0.044183385,0.98453265,-0.012145682,6.221077e-05,-0.010598682,0.15781057,0.00048828125,0.9995117
499712,7769.414496444946,1.0,2.59375,27.0,1.7070625,1.0,1.0,1.0,0.0,0.9842513,-0.036157846,0.00016998193,-0.03381808,0.24247651,0.0,1.0
501760,7726.526195731759,1.0,2.6660156,49.0,2.1573315,1.0,1.0,1.0,0.0,0.9836136,-0.01675002,0.00013312598,-0.014904899,0.19116859,0.0,1.0
503808,7758.01894632837,1.0,2.661621,49.0,2.131482,1.0,1.0,1.0,0.0,0.98365164,-0.027575657,0.0001149963,-0.025777867,0.18552798,0.0,1.0
505856,7714.847190076781,1.0,2.5483398,73.0,2.296951,1.0,1.0,1.0,0.0,0.9847896,-0.0074172043,5.5899272e-05,-0.0059242244,0.15209305,0.0,1.0
507904,7770.602286872196,1.0,2.5551758,73.0,2.289131,-1.0,0.99609375,1.0,0.08830199,0.98135436,-0.012460286,0.017715577,-0.019638315,0.16797596,0.001953125,0.9980469
509952,7754.531192139608,1.0,2.5322266,43.0,1.9555452,-1.0,0.99609375,1.0,0.08830199,0.9815295,-0.008326631,0.0001857046,-0.0069661336,0.14533497,0.001953125,0.9980469
512000,7763.726573748281,1.0,2.5419922,43.0,2.0686917,-1.0,0.9941406,1.0,0.10809448,0.9798832,-0.0070725097,0.0154391825,-0.0129860565,0.18060473,0.0029296875,0.9970703
514048,7768.31839676604,1.0,2.5146484,17.0,1.521262,-1.0,0.99609375,1.0,0.08830199,0.9815205,-0.011582978,0.002346368,-0.011254399,0.15017653,0.001953125,0.9980469
516096,7734.645254412338,1.0,2.484375,17.0,1.4367355,-1.0,0.9970703,1.0,0.07649047,0.98263973,-0.019525215,0.00021700995,-0.018094648,0.15390731,0.0014648438,0.99853516
518144,7773.147770564612,1.0,2.479004,87.0,2.300974,1.0,1.0,1.0,0.0,0.9854678,-0.007851812,7.5735574e-05,-0.006458347,0.14313333,0.0,1.0
520192,7769.295034668143,1.0,2.4995117,87.0,2.3135555,-1.0,0.9980469,1.0,0.062469475,0.9833145,-0.011104919,0.0017892506,-0.01049898,0.15005639,0.0009765625,0.99902344
522240,7722.330734031555,1.0,2.4887695,12.0,1.3180206,-1.0,0.9980469,1.0,0.062469475,0.9832816,-0.008920371,4.2490163e-05,-0.00735318,0.15884344,0.0009765625,0.99902344
524288,7764.821377918271,1.0,2.5219727,12.0,1.364486,-1.0,0.9951172,1.0,0.09870047,0.9801728,-0.013466954,0.009045645,-0.016275415,0.17143622,0.0024414062,0.9975586
526336,7761.313480844589,1.0,2.5,12.0,1.3368281,-1.0,0.9970703,1.0,0.07649047,0.9823398,-0.014082387,7.715727e-05,-0.012558247,0.15627179,0.0014648438,0.99853516
528384,7746.558970340103,1.0,2.4960938,12.0,1.3305986,1.0,1.0,1.0,0.0,0.9851638,-0.018215086,3.2760534e-05,-0.016492927,0.173854,0.0,1.0
530432,7756.877026826898,1.0,2.519043,12.0,1.3858339,1.0,1.0,1.0,0.0,0.98494387,-0.018461166,3.1421827e-05,-0.016746549,0.17303286,0.0,1.0
532480,7784.517294628551,1.0,2.520996,12.0,1.4015716,-1.0,0.99902344,1.0,0.044183385,0.98397917,-0.010837679,0.002595186,-0.010406948,0.17283238,0.00048828125,0.9995117
534528,7763.530103113841,1.0,2.5195312,15.0,1.4397433,-1.0,0.9980469,1.0,0.062469475,0.9831157,-0.011522415,0.0047472618,-0.012098346,0.17977004,0.0009765625,0.99902344
536576,7761.579969730511,1.0,2.5253906,15.0,1.4046309,-1.0,0.9970703,1.0,0.07649047,0.9821148,-0.008993461,0.0036417122,-0.009219944,0.15943731,0.0014648438,0.99853516
538624,7753.1173744260705,1.0,2.4863281,11.0,1.3279628,-1.0,0.99902344,1.0,0.044183385,0.9843221,-0.007412262,8.013449e-05,-0.0059565175,0.14958118,0.00048828125,0.9995117
540672,7739.858223459248,1.0,2.4765625,14.0,1.3096836,-1.0,0.9970703,1.0,0.07649047,0.9824827,-0.009104536,0.003582947,-0.009288492,0.16075194,0.0014648438,0.99853516
542720,7762.898657704171,1.0,2.5205078,14.0,1.3384959,-1.0,0.99609375,1.0,0.08830199,0.9810363,-0.011235499,0.0018795639,-0.010504345,0.1670937,0.001953125,0.9980469
544768,7752.270730487864,1.0,2.59375,21.0,1.4600807,-1.0,0.99609375,1.0,0.08830199,0.98037577,-0.009287346,0.004324776,-0.009696155,0.17535804,0.001953125,0.9980469
546816,7761.460748756259,1.0,2.569336,21.0,1.468443,-1.0,0.99609375,1.0,0.08830199,0.980705,-0.007992751,0.010158601,-0.011358345,0.17137069,0.001953125,0.9980469
548864,7771.748251343329,1.0,2.5449219,21.0,1.4570457,-1.0,0.9970703,1.0,0.07649047,0.9818737,-0.010662371,0.00020864257,-0.0090887025,0.16779909,0.0014648438,0.99853516
550912,7753.712234891429,1.0,2.5327148,14.0,1.385931,-1.0,0.99609375,1.0,0.08830199,0.9809698,-0.009675006,0.0018788921,-0.00910285,0.15116031,0.001953125,0.9980469
552960,7738.944749459892,1.0,2.5375977,14.0,1.3751962,-1.0,0.9970703,1.0,0.07649047,0.9818291,-0.0057871067,0.00097318523,-0.004751938,0.15217617,0.0014648438,0.99853516
555008,7764.49150057398,1.0,2.5151367,14.0,1.3294168,-1.0,0.9980469,1.0,0.062469475,0.983022,-0.010214104,4.012915e-05,-0.008745065,0.14891036,0.0009765625,0.99902344
557056,7738.916860516449,1.0,2.4926758,10.0,1.3232243,-1.0,0.99902344,1.0,0.044183385,0.9842396,-0.0101552615,0.0024459015,-0.00973403,0.16441844,0.00048828125,0.9995117
559104,7773.161838642772,1.0,2.494629,18.0,1.407281,-1.0,0.9980469,1.0,0.062469475,0.9832741,-0.00922371,0.002550583,-0.0087960325,0.17029671,0.0009765625,0.99902344
561152,7747.138850709062,1.0,2.480957,18.0,1.3847765,-1.0,0.9980469,1.0,0.062469475,0.9834064,-0.009992834,5.597233e-05,-0.008412131,0.16086905,0.0009765625,0.99902344
563200,7736.735173771637,1.0,2.4785156,18.0,1.4277958,-1.0,0.99609375,1.0,0.08830199,0.98156977,4.871823e-05,0.0088644205,-0.0026209895,0.17625022,0.001953125,0.9980469
565248,7752.907445465236,1.0,2.536621,12.0,1.4133939,-1.0,0.9970703,1.0,0.07649047,0.9819499,-0.011712658,9.891691e-05,-0.010131002,0.16311155,0.0014648438,0.99853516
567296,7758.397325093774,1.0,2.5390625,12.0,1.3626711,-1.0,0.9970703,1.0,0.07649047,0.9819188,-0.016831508,3.4543526e-05,-0.015162847,0.1685934,0.0014648438,0.99853516
569344,7782.1970170131535,1.0,2.5498047,12.0,1.3580128,1.0,1.0,1.0,0.0,0.9846359,-0.012783964,2.3210885e-05,-0.010933031,0.18625395,0.0,1.0
571392,7778.969266951082,1.0,2.5214844,13.0,1.3612692,-1.0,0.9980469,1.0,0.062469475,0.9830777,-0.0118107265,0.008056277,-0.01409883,0.17400324,0.0009765625,0.99902344
573440,7740.032575062669,1.0,2.463379,13.0,1.3275281,-1.0,0.9980469,1.0,0.062469475,0.98364854,-0.011351614,0.00015181994,-0.009920686,0.15068357,0.0009765625,0.99902344
575488,7769.203684023447,1.0,2.432129,11.0,1.2763944,-1.0,0.99902344,1.0,0.044183385,0.984871,-0.011997345,3.0253868e-05,-0.010410815,0.1601656,0.00048828125,0.9995117
577536,7763.621320386033,1.0,2.4707031,24.0,1.3654215,1.0,1.0,1.0,0.0,0.9854193,-0.01562797,5.2278356e-05,-0.013881017,0.177309,0.0,1.0
579584,7714.022738130731,1.0,2.525879,24.0,1.5506785,1.0,1.0,1.0,0.0,0.98489887,-0.025747893,6.247234e-05,-0.023859939,0.19191907,0.0,1.0
581632,7635.2395136875375,1.0,2.5664062,25.0,1.6634525,1.0,1.0,1.0,0.0,0.9845146,-0.027088651,0.00012593911,-0.025138263,0.20133603,0.0,1.0
583680,7760.093475961144,1.0,2.5195312,39.0,1.721194,-1.0,0.99902344,1.0,0.044183385,0.9840381,-0.00831195,0.0031581644,-0.008271049,0.16199838,0.00048828125,0.9995117
585728,7767.29284002058,1.0,2.4731445,39.0,1.5622691,-1.0,0.9980469,1.0,0.062469475,0.98353446,-0.0077122967,0.0028939263,-0.007484957,0.16743036,0.0009765625,0.99902344
587776,7733.2108301786575,1.0,2.4804688,16.0,1.3381457,-1.0,0.99902344,1.0,0.044183385,0.9843812,-0.008651599,8.423192e-05,-0.007058152,0.16355638,0.00048828125,0.9995117
589824,7760.401946710296,1.0,2.4794922,16.0,1.3616428,-1.0,0.99902344,1.0,0.044183385,0.98439395,-0.01787115,3.0455072e-05,-0.016291594,0.15947834,0.00048828125,0.9995117
591872,7779.441281525543,1.0,2.4614258,12.0,1.2958301,1.0,1.0,1.0,0.0,0.9855026,-0.009507455,1.8177885e-05,-0.007965338,0.1551206,0.0,1.0
593920,7756.659889997264,1.0,2.4526367,16.0,1.3479958,-1.0,0.99902344,1.0,0.044183385,0.98463917,-0.013174926,0.0023830812,-0.012722452,0.16440168,0.00048828125,0.9995117
595968,7774.463356113861,1.0,2.477539,35.0,1.5529342,-1.0,0.99902344,1.0,0.044183385,0.9844193,-0.012998392,8.866382e-05,-0.011303543,0.17391814,0.00048828125,0.9995117
598016,7712.443608050452,1.0,2.5317383,35.0,1.5499396,-1.0,0.9970703,1.0,0.07649047,0.98196816,-0.010208573,0.004682167,-0.010986677,0.15629795,0.0014648438,0.99853516
600064,7762.000778916836,1.0,2.5478516,35.0,1.5748434,-1.0,0.9970703,1.0,0.07649047,0.98182213,-0.009640989,0.0030387784,-0.009381239,0.17791392,0.0014648438,0.99853516
602112,7754.657200917566,1.0,2.5195312,9.0,1.3512181,-1.0,0.9970703,1.0,0.07649047,0.98211044,-0.011663679,0.0036295296,-0.011896993,0.1581451,0.0014648438,0.99853516
604160,7758.754716708457,1.0,2.4824219,9.0,1.3183217,-1.0,0.99609375,1.0,0.08830199,0.98156387,-0.0074662045,0.0064501204,-0.009145464,0.15458012,0.001953125,0.9980469
606208,7755.385331827387,1.0,2.4624023,9.0,1.3164198,-1.0,0.9970703,1.0,0.07649047,0.98267174,-0.008426177,0.00223689,-0.008145854,0.13987678,0.0014648438,0.99853516
608256,7783.974126924147,1.0,2.4575195,9.0,1.2892858,-1.0,0.99902344,1.0,0.044183385,0.9845834,-0.004306422,4.6145055e-05,-0.002763263,0.1566231,0.00048828125,0.9995117
610304,7759.084106763642,1.0,2.5078125,9.0,1.3210057,-1.0,0.99902344,1.0,0.044183385,0.98408943,-0.010774838,5.3876574e-05,-0.008977384,0.18243901,0.00048828125,0.9995117
612352,7758.929920702952,1.0,2.503418,9.0,1.3080236,1.0,1.0,1.0,0.0,0.98508835,-0.012059448,1.43879615e-05,-0.010183114,0.18835303,0.0,1.0
614400,7787.417823078311,1.0,2.5141602,10.0,1.3157678,-1.0,0.99902344,1.0,0.044183385,0.9840544,-0.011526326,0.003626768,-0.011495896,0.18438132,0.00048828125,0.9995117
616448,7762.134044671919,1.0,2.4936523,10.0,1.3147149,-1.0,0.99902344,1.0,0.044183385,0.9842573,-0.010612949,4.442186e-05,-0.008762206,0.18729517,0.00048828125,0.9995117
618496,7783.473351141524,1.0,2.5126953,15.0,1.3981833,-1.0,0.99609375,1.0,0.08830199,0.9812083,-0.011472499,0.006797686,-0.01299381,0.18775322,0.001953125,0.9980469
620544,7749.64101657299,1.0,2.4892578,15.0,1.3940028,-1.0,0.99609375,1.0,0.08830199,0.9814017,-0.007584588,0.0018865233,-0.006889029,0.16388206,0.001953125,0.9980469
622592,7761.039998120712,1.0,2.465332,15.0,1.3688674,-1.0,0.9951172,1.0,0.09870047,0.98069525,-0.008541961,0.0063852104,-0.009906007,0.18285602,0.0024414062,0.9975586
624640,7777.97610993198,1.0,2.4365234,11.0,1.2658657,-1.0,0.99609375,1.0,0.08830199,0.98193413,-0.006010761,0.00254558,-0.0055950866,0.16884647,0.001953125,0.9980469
626688,7772.98599132568,1.0,2.4487305,15.0,1.3427715,-1.0,0.9970703,1.0,0.07649047,0.98272413,-0.017873485,7.623566e-05,-0.016140781,0.17708221,0.0014648438,0.99853516
628736,7788.561691046531,1.0,2.5410156,17.0,1.5243074,-1.0,0.99609375,1.0,0.08830199,0.981204,-0.011167067,0.01730959,-0.017827058,0.19948022,0.001953125,0.9980469
630784,7761.502826328953,1.0,2.5732422,17.0,1.5186043,-1.0,0.99609375,1.0,0.08830199,0.9808843,-0.006737768,0.0002371616,-0.005227296,0.16290534,0.001953125,0.9980469
632832,7738.589180487075,1.0,2.5302734,17.0,1.4361614,-1.0,0.9970703,1.0,0.07649047,0.9821632,-0.0045628664,2.7161635e-05,-0.002869578,0.17068693,0.0014648438,0.99853516
634880,7782.6623721264405,1.0,2.4213867,13.0,1.2803622,1.0,1.0,1.0,0.0,0.9858973,-0.012354248,2.5007414e-05,-0.010605323,0.17614289,0.0,1.0
636928,7767.250699645633,1.0,2.4516602,13.0,1.3713044,1.0,1.0,1.0,0.0,0.9856092,-0.017344989,4.9007172e-05,-0.015502992,0.18665038,0.0,1.0
638976,7748.54349906683,1.0,2.4780273,13.0,1.354429,1.0,1.0,1.0,0.0,0.98534584,-0.0134598315,2.5725869e-05,-0.011658947,0.18137477,0.0,1.0
641024,7750.577997213741,1.0,2.4956055,21.0,1.3884217,1.0,1.0,1.0,0.0,0.98517597,-0.017320018,5.7334913e-05,-0.015530041,0.18186434,0.0,1.0
643072,7734.10206031205,1.0,2.536621,21.0,1.4302216,1.0,1.0,1.0,0.0,0.98477554,-0.0037755643,0.00014511075,-0.0021220092,0.17261098,0.0,1.0
645120,7744.847781476419,1.0,2.612793,100.0,2.76275,-1.0,0.9975586,1.0,0.066246286,0.9825334,-0.0059073647,0.008309799,-0.008280907,0.17813587,0.0014648438,0.99853516
647168,7751.494219723597,1.0,2.5888672,100.0,2.713161,-1.0,0.9975586,1.0,0.066246286,0.9827572,-0.008608297,6.187176e-05,-0.0069821547,0.165708,0.0014648438,0.99853516
649216,7776.14542136347,1.0,2.5424805,100.0,2.4996388,-1.0,0.99853516,1.0,0.04938887,0.9837768,-0.015239459,3.0486253e-05,-0.013621693,0.16330072,0.0009765625,0.99902344
651264,7752.711522024998,1.0,2.5004883,11.0,1.3005406,-1.0,0.99609375,1.0,0.08830199,0.9813897,-0.009229555,0.012995625,-0.014076076,0.16512892,0.001953125,0.9980469
653312,7776.11726365493,1.0,2.4941406,11.0,1.2941291,-1.0,0.99609375,1.0,0.08830199,0.98145175,-0.0034573413,0.00019342802,-0.0018885102,0.16655457,0.001953125,0.9980469
655360,7765.425055845493,1.0,2.465332,11.0,1.312414,-1.0,0.9980469,1.0,0.062469475,0.98354197,-0.015696919,0.000985013,-0.014599121,0.15903054,0.0009765625,0.99902344
657408,7766.906570364731,1.0,2.4951172,17.0,1.3692975,-1.0,0.99902344,1.0,0.044183385,0.9842019,-0.021319227,0.00012932284,-0.01959209,0.17918015,0.00048828125,0.9995117
659456,7763.887967780071,1.0,2.5288086,28.0,1.5039499,-1.0,0.99902344,1.0,0.044183385,0.98388624,-0.01337897,3.762413e-05,-0.011783872,0.16139099,0.00048828125,0.9995117
661504,7606.895488075946,1.0,2.5175781,41.0,1.751864,1.0,1.0,1.0,0.0,0.9850099,-0.020463629,9.751334e-05,-0.018880412,0.16319786,0.0,1.0
663552,7764.842434870645,1.0,2.4956055,41.0,1.6461899,-1.0,0.99902344,1.0,0.044183385,0.98423433,-0.012720495,0.0009851224,-0.011744365,0.14686921,0.00048828125,0.9995117
665600,7743.14432826134,1.0,2.4243164,9.0,1.3173773,-1.0,0.9980469,1.0,0.062469475,0.98391986,-0.00992445,0.00094913685,-0.009017085,0.1381933,0.0009765625,0.99902344
667648,7760.934817589538,1.0,2.459961,9.0,1.3081617,-1.0,0.99902344,1.0,0.044183385,0.98454213,-0.0101711,3.0759264e-05,-0.008596797,0.15896821,0.00048828125,0.9995117
669696,7778.6522743902,1.0,2.4995117,14.0,1.402077,-1.0,0.99902344,1.0,0.044183385,0.9841629,-0.016540226,3.581421e-05,-0.014964123,0.15940103,0.00048828125,0.9995117
671744,7767.152373882276,1.0,2.5083008,14.0,1.3866442,-1.0,0.9980469,1.0,0.062469475,0.98322904,-0.0067981663,0.008679657,-0.0096010985,0.15368956,0.0009765625,0.99902344
673792,7774.632233562954,1.0,2.474121,14.0,1.3318199,-1.0,0.9980469,1.0,0.062469475,0.9835602,-0.008784122,0.000103983555,-0.007283629,0.15524852,0.0009765625,0.99902344
675840,7741.295115016334,1.0,2.4414062,6.0,1.263012,1.0,1.0,1.0,0.0,0.9856969,-0.00875797,3.6080637e-05,-0.0070978478,0.16781609,0.0,1.0
677888,7671.659915137756,1.0,2.4609375,9.0,1.2749225,1.0,1.0,1.0,0.0,0.98550487,-0.01657667,1.9234347e-05,-0.014964311,0.16219719,0.0,1.0
679936,7743.053591533236,1.0,2.477539,9.0,1.2741737,1.0,1.0,1.0,0.0,0.98534036,-0.010662569,2.2125783e-05,-0.009014699,0.16589342,0.0,1.0
681984,7760.717453525687,1.0,2.4916992,16.0,1.2990115,1.0,1.0,1.0,0.0,0.98520315,-0.012554613,2.2236616e-05,-0.010782165,0.1783564,0.0,1.0
684032,7750.941662666344,1.0,2.4921875,16.0,1.3121047,-1.0,0.99902344,1.0,0.044183385,0.98423314,-0.010440797,0.0016969641,-0.009671664,0.16176164,0.00048828125,0.9995117
686080,7790.115630138092,1.0,2.4570312,12.0,1.2445621,-1.0,0.99902344,1.0,0.044183385,0.98457295,-0.015103851,4.1229287e-05,-0.013538315,0.15861504,0.00048828125,0.9995117
688128,7752.011876280919,1.0,2.4819336,12.0,1.3348783,-1.0,0.9980469,1.0,0.062469475,0.9834737,-0.01125267,0.0071927547,-0.013088445,0.17606024,0.0009765625,0.99902344
690176,7767.742365806482,1.0,2.477539,12.0,1.3594588,-1.0,0.9980469,1.0,0.062469475,0.9835205,-0.0065365992,8.36538e-05,-0.004971574,0.16068524,0.0009765625,0.99902344
692224,7750.850743103811,1.0,2.446289,12.0,1.3280499,1.0,1.0,1.0,0.0,0.9856566,-0.020307371,2.8702589e-05,-0.018760642,0.15610811,0.0,1.0
694272,7683.985068445238,1.0,2.4614258,20.0,1.4105754,1.0,1.0,1.0,0.0,0.98551744,-0.015697131,5.4474258e-05,-0.014144103,0.15802641,0.0,1.0
696320,7753.530267882449,1.0,2.4794922,20.0,1.4732542,1.0,1.0,1.0,0.0,0.98534715,-0.019210821,4.7800124e-05,-0.017720548,0.15141727,0.0,1.0
698368,7767.651051670194,1.0,2.4814453,20.0,1.4387383,-1.0,0.99902344,1.0,0.044183385,0.98434645,-0.0055578034,0.00092507666,-0.004607107,0.14132343,0.00048828125,0.9995117
700416,7757.647610463782,1.0,2.465332,14.0,1.2864866,-1.0,0.99609375,1.0,0.08830199,0.9815565,-0.010570828,0.0023736209,-0.010335787,0.14218499,0.001953125,0.9980469
702464,7734.394539962093,1.0,2.459961,9.0,1.2775702,-1.0,0.9941406,1.0,0.10809448,0.9796555,-0.005922196,0.002610182,-0.0056811995,0.15460864,0.0029296875,0.9970703
704512,7747.767734766366,1.0,2.4521484,9.0,1.2955208,-1.0,0.9941406,1.0,0.10809448,0.97973514,-0.0047622696,8.558025e-05,-0.003340503,0.14645559,0.0029296875,0.9970703
706560,7755.175280032574,1.0,2.4750977,9.0,1.3085375,-1.0,0.99902344,1.0,0.044183385,0.9843923,-0.011378047,3.245531e-05,-0.009842805,0.15514699,0.00048828125,0.9995117
708608,7761.657114665578,1.0,2.4487305,9.0,1.262944,1.0,1.0,1.0,0.0,0.9856243,-0.013325927,1.6800977e-05,-0.011679566,0.16547593,0.0,1.0
710656,7720.630231126331,1.0,2.4667969,48.0,1.6443772,-1.0,0.99902344,1.0,0.044183385,0.98466194,-0.012134173,0.0057340767,-0.013312091,0.1689121,0.00048828125,0.9995117
712704,7765.642683696366,1.0,2.5092773,48.0,1.6591694,-1.0,0.99902344,1.0,0.044183385,0.98424363,-0.013078396,6.4349464e-05,-0.011505223,0.16053496,0.00048828125,0.9995117
714752,7754.440188346766,1.0,2.5043945,48.0,1.7480402,-1.0,0.9980469,1.0,0.062469475,0.9833775,-0.009199268,0.0037394667,-0.009513408,0.15555929,0.0009765625,0.99902344
716800,7761.138169188679,1.0,2.4692383,24.0,1.396155,-1.0,0.99902344,1.0,0.044183385,0.9845091,-0.012273754,0.000100322824,-0.010569689,0.1754225,0.00048828125,0.9995117
718848,7758.852829970536,1.0,2.5307617,11.0,1.3412151,-1.0,0.9951172,1.0,0.09870047,0.9801025,-0.0060987235,0.010727008,-0.009683728,0.17785002,0.0024414062,0.9975586
720896,7743.374669506828,1.0,2.5390625,11.0,1.3424549,-1.0,0.9951172,1.0,0.09870047,0.9799824,-0.011365789,0.0018762101,-0.010608747,0.16951478,0.0024414062,0.9975586
722944,7765.003875299778,1.0,2.4648438,10.0,1.2989383,-1.0,0.9951172,1.0,0.09870047,0.9807116,-0.015077347,5.843814e-05,-0.013478774,0.16277908,0.0024414062,0.9975586
724992,7757.094175813756,1.0,2.5058594,17.0,1.42109,-1.0,0.9902344,1.0,0.13941264,0.9754392,-0.011155414,0.014912796,-0.016711187,0.19006272,0.0048828125,0.9951172
727040,7763.572203126963,1.0,2.5947266,24.0,1.6113644,-1.0,0.99121094,1.0,0.13229088,0.97555417,-0.006390261,0.00019017281,-0.0046888436,0.17965035,0.0043945312,0.99560547
729088,7755.840483086902,1.0,2.6293945,24.0,1.6491165,-1.0,0.99316406,1.0,0.11672679,0.9771509,-0.007881046,0.003614759,-0.0078843525,0.18040739,0.0034179688,0.99658203
731136,7757.864802597414,1.0,2.5888672,24.0,1.5838888,-1.0,0.99902344,1.0,0.044183385,0.9833429,-0.01062486,0.00013176085,-0.009014902,0.16758381,0.00048828125,0.9995117
733184,7759.511654712652,1.0,2.546875,17.0,1.4546363,-1.0,0.99902344,1.0,0.044183385,0.98373985,-0.017738743,4.0831826e-05,-0.016058762,0.17003982,0.00048828125,0.9995117
735232,7759.651844625113,1.0,2.5288086,12.0,1.3586205,1.0,1.0,1.0,0.0,0.9848437,-0.014804453,3.5347435e-05,-0.013117733,0.1704395,0.0,1.0
737280,7765.726930010288,1.0,2.522461,12.0,1.3326149,1.0,1.0,1.0,0.0,0.98490304,-0.01714296,4.3045162e-05,-0.015408029,0.17564528,0.0,1.0
739328,7738.19878944462,1.0,2.512207,9.0,1.307971,-1.0,0.9980469,1.0,0.062469475,0.9830867,-0.011786857,0.0041954177,-0.012344539,0.15400253,0.0009765625,0.99902344
741376,7757.6055746812945,1.0,2.5112305,9.0,1.3298227,-1.0,0.9970703,1.0,0.07649047,0.98212266,-0.0055492567,0.0010287709,-0.0044561154,0.16075274,0.0014648438,0.99853516
743424,7775.504883941333,1.0,2.4829102,10.0,1.3064222,-1.0,0.9980469,1.0,0.062469475,0.98333806,-0.008649717,5.4963708e-05,-0.0071574533,0.1519746,0.0009765625,0.99902344
745472,7758.943937364342,1.0,2.4648438,11.0,1.3086754,-1.0,0.99902344,1.0,0.044183385,0.98449385,-0.0111855855,0.0009580085,-0.010091926,0.15726633,0.00048828125,0.9995117
747520,7747.956419893729,1.0,2.4550781,11.0,1.2405634,-1.0,0.9980469,1.0,0.062469475,0.98365337,-0.007227722,0.0036856185,-0.0074083763,0.1662155,0.0009765625,0.99902344
749568,7763.75464179354,1.0,2.4199219,11.0,1.254069,-1.0,0.99902344,1.0,0.044183385,0.98497987,-0.00714416,5.129928e-05,-0.005660806,0.15090044,0.00048828125,0.9995117
751616,7765.572479831055,1.0,2.4482422,7.0,1.2606021,1.0,1.0,1.0,0.0,0.98562884,-0.008013036,2.4843072e-05,-0.0064031105,0.16223475,0.0,1.0
753664,7760.570213819341,1.0,2.4746094,24.0,1.4232788,1.0,1.0,1.0,0.0,0.98538816,-0.014625216,4.5234676e-05,-0.013262038,0.13857931,0.0,1.0
755712,7754.279186868719,1.0,2.527832,24.0,1.4628227,1.0,1.0,1.0,0.0,0.98486686,-0.014233745,1.2710598e-05,-0.012809833,0.1430267,0.0,1.0
757760,7775.019272057147,1.0,2.541504,24.0,1.460494,1.0,1.0,1.0,0.0,0.9847312,-0.013835392,1.05766285e-05,-0.012438326,0.1402355,0.0,1.0
759808,7789.041933293012,1.0,2.4511719,10.0,1.2841274,1.0,1.0,1.0,0.0,0.98560274,-0.014370076,1.2844452e-05,-0.013060172,0.13163273,0.0,1.0
761856,7763.375740305422,1.0,2.4536133,10.0,1.2542102,-1.0,0.99902344,1.0,0.044183385,0.98462725,-0.008474061,0.0031017286,-0.008665125,0.1359802,0.00048828125,0.9995117
763904,7732.514699541357,1.0,2.4414062,19.0,1.2920597,-1.0,0.9980469,1.0,0.062469475,0.9839376,-0.004683829,0.005117241,-0.0059155487,0.13269001,0.0009765625,0.99902344
765952,7765.067049469007,1.0,2.4404297,19.0,1.3014288,-1.0,0.99902344,1.0,0.044183385,0.98489606,-0.011483021,2.2417767e-05,-0.01006066,0.1433569,0.00048828125,0.9995117
768000,7749.927680624763,1.0,2.4672852,14.0,1.3221017,-1.0,0.99902344,1.0,0.044183385,0.9844713,-0.009417547,0.0009779852,-0.00843368,0.14728592,0.00048828125,0.9995117
770048,7760.465046021082,1.0,2.475586,37.0,1.5088896,-1.0,0.99902344,1.0,0.044183385,0.98441243,-0.021839656,8.944028e-05,-0.020451935,0.14324407,0.00048828125,0.9995117
772096,7772.563990224049,1.0,2.4541016,37.0,1.4513067,-1.0,0.99902344,1.0,0.044183385,0.98461694,-0.006578435,9.837654e-06,-0.005260168,0.1323186,0.00048828125,0.9995117
774144,7787.636685397028,1.0,2.4648438,16.0,1.3634939,-1.0,0.99902344,1.0,0.044183385,0.9845007,-0.013366233,0.0009813587,-0.0122991055,0.15578085,0.00048828125,0.9995117
776192,7735.787603733739,1.0,2.4628906,16.0,1.3829987,-1.0,0.99902344,1.0,0.044183385,0.9845227,-0.008981978,2.0233876e-05,-0.00742419,0.1567904,0.00048828125,0.9995117
778240,7786.020218427176,1.0,2.4873047,16.0,1.482922,-1.0,0.9970703,1.0,0.07649047,0.9824569,-0.009607032,0.010163858,-0.013063489,0.1625472,0.0014648438,0.99853516
780288,7781.541383802313,1.0,2.4682617,15.0,1.3859537,-1.0,0.99609375,1.0,0.08830199,0.98165566,-0.009507741,0.0010927672,-0.00863772,0.14164047,0.001953125,0.9980469
782336,7777.539482857593,1.0,2.496582,15.0,1.3852557,-1.0,0.9980469,1.0,0.062469475,0.98324203,-0.014969835,6.7819165e-05,-0.013495713,0.15080322,0.0009765625,0.99902344
784384,7764.273937239965,1.0,2.510254,13.0,1.3473397,-1.0,0.9980469,1.0,0.062469475,0.9830727,-0.010639289,0.0009273348,-0.009616615,0.14863415,0.0009765625,0.99902344
786432,7762.372531655178,1.0,2.5019531,13.0,1.3639456,-1.0,0.99902344,1.0,0.044183385,0.9841336,-0.011983897,4.6255973e-05,-0.010499163,0.15078628,0.00048828125,0.9995117
788480,7739.174840913248,1.0,2.496582,13.0,1.3451983,-1.0,0.99902344,1.0,0.044183385,0.98419404,-0.011285768,0.001718654,-0.010672039,0.14730568,0.00048828125,0.9995117
790528,7748.718242191235,1.0,2.5151367,13.0,1.3305181,-1.0,0.99902344,1.0,0.044183385,0.98400843,-0.016566226,8.866022e-05,-0.015034752,0.15758036,0.00048828125,0.9995117
792576,7778.976311523658,1.0,2.684082,100.0,2.9345562,-1.0,0.99853516,1.0,0.04938887,0.98243093,-0.03442547,0.0011445847,-0.03275458,0.2243172,0.0009765625,0.99902344
794624,7765.165322442132,1.0,2.6679688,100.0,2.9778001,-1.0,0.99853516,1.0,0.04938887,0.9825927,-0.011013149,0.0010484261,-0.009996987,0.15403752,0.0009765625,0.99902344
796672,7760.114507278663,1.0,2.6220703,100.0,2.8368287,-1.0,0.99853516,1.0,0.04938887,0.983008,-0.015762437,7.537591e-05,-0.0143701155,0.14300075,0.0009765625,0.99902344
798720,7777.708493974267,1.0,2.5078125,16.0,1.3724897,-1.0,0.99902344,1.0,0.044183385,0.9840766,-0.011124426,1.9905927e-05,-0.009560208,0.15741688,0.00048828125,0.9995117
800768,7789.35977322725,1.0,2.484375,16.0,1.4026865,1.0,1.0,1.0,0.0,0.9852893,-0.019977823,4.123232e-05,-0.018344153,0.16542868,0.0,1.0
802816,7765.495257045274,1.0,2.5136719,60.0,1.8948966,1.0,1.0,1.0,0.0,0.9850664,-0.016535554,0.00015138571,-0.014901807,0.17094392,0.0,1.0
804864,7775.145947570316,1.0,2.5112305,60.0,1.8770485,-1.0,0.99902344,1.0,0.044183385,0.9841398,-0.010632637,0.0028732407,-0.010666958,0.1402301,0.00048828125,0.9995117
806912,7763.740607745543,1.0,2.4780273,60.0,1.825253,-1.0,0.9970703,1.0,0.07649047,0.9825355,-0.0069912197,0.00420786,-0.0077247815,0.13703696,0.0014648438,0.99853516
808960,7777.081781300277,1.0,2.4750977,13.0,1.2870921,-1.0,0.9980469,1.0,0.062469475,0.9834422,-0.0005160972,0.0001586867,0.00085746695,0.14529073,0.0009765625,0.99902344
811008,7733.691233402598,1.0,2.503418,14.0,1.3349961,-1.0,0.9980469,1.0,0.062469475,0.9831679,-0.008623017,4.436986e-05,-0.0071408353,0.15043667,0.0009765625,0.99902344
813056,7755.854488588243,1.0,2.5014648,14.0,1.3542459,1.0,1.0,1.0,0.0,0.9851136,-0.00017866427,2.728209e-05,0.0012923124,0.14846186,0.0,1.0
815104,7751.5571742606635,1.0,2.4643555,40.0,1.5639676,-1.0,0.99902344,1.0,0.044183385,0.9848479,-0.014466203,0.0063014724,-0.016062316,0.15546256,0.00048828125,0.9995117
817152,7762.667153456176,1.0,2.4526367,40.0,1.5199528,-1.0,0.99902344,1.0,0.044183385,0.98495734,-0.011497981,2.8026081e-05,-0.010061499,0.1450495,0.00048828125,0.9995117
819200,7786.231944460811,1.0,2.4682617,40.0,1.5433097,-1.0,0.99902344,1.0,0.044183385,0.98480606,-0.010467998,3.79645e-05,-0.009072021,0.14149588,0.00048828125,0.9995117
821248,7793.006192720061,1.0,2.4824219,13.0,1.2989192,-1.0,0.99902344,1.0,0.044183385,0.9843475,-0.0054804324,0.0028595647,-0.0055065383,0.14036763,0.00048828125,0.9995117
823296,7770.6585226409225,1.0,2.4663086,8.0,1.2910591,-1.0,0.99902344,1.0,0.044183385,0.98450613,-0.009981356,4.556194e-05,-0.008516503,0.14876366,0.00048828125,0.9995117
825344,7734.603467541881,1.0,2.479004,9.0,1.3260273,-1.0,0.9941406,1.0,0.10809448,0.9794731,-0.010526547,0.0049812985,-0.011378049,0.16391462,0.0029296875,0.9970703
827392,7759.056072478626,1.0,2.4624023,9.0,1.31642,-1.0,0.99316406,1.0,0.11672679,0.9786982,-0.008219894,0.0032982023,-0.008334577,0.15344183,0.0034179688,0.99658203
829440,7747.921477510111,1.0,2.4667969,13.0,1.3606751,-1.0,0.9951172,1.0,0.09870047,0.9806889,-0.007111904,0.004897078,-0.007913881,0.1646562,0.0024414062,0.9975586
831488,7740.492901039883,1.0,2.524414,13.0,1.3758483,-1.0,0.9970703,1.0,0.07649047,0.98208344,-0.011283456,0.0017796996,-0.0106522385,0.15210687,0.0014648438,0.99853516
833536,7772.500694010876,1.0,2.5302734,10.0,1.3452249,-1.0,0.99902344,1.0,0.044183385,0.9838606,-0.009768138,4.6584115e-05,-0.008176111,0.16153182,0.00048828125,0.9995117
835584,7772.219389980185,1.0,2.5541992,12.0,1.3863142,-1.0,0.9980469,1.0,0.062469475,0.98269117,-0.013437725,0.0032575799,-0.013314488,0.17520253,0.0009765625,0.99902344
837632,7758.740700730718,1.0,2.5292969,12.0,1.4341404,-1.0,0.9970703,1.0,0.07649047,0.9820349,-0.0106473155,0.0067790034,-0.012363827,0.16729906,0.0014648438,0.99853516
839680,7776.265093899795,1.0,2.527832,25.0,1.5036435,-1.0,0.9970703,1.0,0.07649047,0.9820587,-0.016739508,0.00010005941,-0.01521259,0.15769485,0.0014648438,0.99853516
841728,7731.846532028901,1.0,2.5136719,40.0,1.6561936,-1.0,0.9951172,1.0,0.09870047,0.98024625,-0.014959385,0.0063320803,-0.0164587,0.16667268,0.0024414062,0.9975586
843776,7776.919838267807,1.0,2.5136719,40.0,1.5636898,-1.0,0.99609375,1.0,0.08830199,0.98117036,-0.007816769,9.5514246e-05,-0.0062782257,0.15862994,0.001953125,0.9980469
845824,7769.7799317448125,1.0,2.4985352,40.0,1.556864,-1.0,0.99902344,1.0,0.044183385,0.98419166,-0.011106632,3.045071e-05,-0.009563486,0.15583715,0.00048828125,0.9995117
847872,7750.752832114167,1.0,2.4780273,8.0,1.3123161,1.0,1.0,1.0,0.0,0.98534036,-0.011958071,2.913406e-05,-0.010469171,0.15034679,0.0,1.0
849920,7739.070252192903,1.0,2.472168,10.0,1.3166625,1.0,1.0,1.0,0.0,0.985399,-0.014258139,2.3265462e-05,-0.012803674,0.14660989,0.0,1.0
851968,7742.976815962733,1.0,2.4487305,11.0,1.328514,-1.0,0.9980469,1.0,0.062469475,0.9837923,-0.0098503325,0.0075711696,-0.012098099,0.15378186,0.0009765625,0.99902344
854016,7757.710664991687,1.0,2.4692383,11.0,1.3492007,-1.0,0.9980469,1.0,0.062469475,0.9835919,-0.012361559,7.031546e-05,-0.0107633695,0.16333453,0.0009765625,0.99902344
856064,7771.980297563253,1.0,2.4692383,11.0,1.329147,-1.0,0.9902344,1.0,0.13941264,0.9757863,-0.010715128,0.009577007,-0.013878631,0.16250013,0.0048828125,0.9951172
858112,7746.363367628612,1.0,2.4726562,9.0,1.3122151,-1.0,0.9892578,1.0,0.14618133,0.9746901,-0.008751205,0.00273977,-0.008673954,0.14471374,0.0053710938,0.9946289
860160,7760.535157569877,1.0,2.461914,9.0,1.2715003,-1.0,0.9951172,1.0,0.09870047,0.9806507,-0.005043182,0.000101874226,-0.0036624619,0.14316574,0.0024414062,0.9975586
862208,7750.78080643022,1.0,2.4550781,7.0,1.2195244,-1.0,0.99902344,1.0,0.044183385,0.9845795,-0.010968788,4.0717245e-05,-0.00944436,0.15447861,0.00048828125,0.9995117
864256,7754.916231822302,1.0,2.4516602,21.0,1.3684529,-1.0,0.99902344,1.0,0.044183385,0.98466086,-0.014737147,0.0030543138,-0.014453989,0.18103121,0.00048828125,0.9995117
866304,7761.797382112852,1.0,2.5063477,21.0,1.4279432,-1.0,0.9951172,1.0,0.09870047,0.98030853,-0.00909642,0.0098229945,-0.012415681,0.15922363,0.0024414062,0.9975586
868352,7752.284723099638,1.0,2.5039062,10.0,1.34047,-1.0,0.9941406,1.0,0.10809448,0.97936416,-0.00678624,0.0025131542,-0.006374045,0.16687715,0.0029296875,0.9970703
870400,7761.138169188679,1.0,2.512207,12.0,1.3462358,-1.0,0.99609375,1.0,0.08830199,0.98118734,-0.0141691,8.2967614e-05,-0.012651301,0.15592836,0.001953125,0.9980469
872448,7772.92972186454,1.0,2.4638672,12.0,1.314605,-1.0,0.99902344,1.0,0.044183385,0.984514,-0.009889883,0.0018102005,-0.00926783,0.15271534,0.00048828125,0.9995117
874496,7730.4827151749905,1.0,2.496582,16.0,1.3760606,-1.0,0.9970703,1.0,0.07649047,0.98227394,-0.010613148,0.0037398227,-0.010831435,0.16516237,0.0014648438,0.99853516
876544,7765.719909414312,1.0,2.4711914,16.0,1.3954971,-1.0,0.9951172,1.0,0.09870047,0.98061323,-0.009366666,0.0038911034,-0.009651071,0.16611445,0.0024414062,0.9975586
878592,7766.148189000012,1.0,2.4667969,16.0,1.3943493,-1.0,0.9970703,1.0,0.07649047,0.982571,-0.010373458,0.00014989144,-0.008835651,0.16127528,0.0014648438,0.99853516
880640,7766.07797599459,1.0,2.4404297,10.0,1.307418,-1.0,0.99902344,1.0,0.044183385,0.9847355,-0.012627712,3.629679e-05,-0.011082451,0.15634082,0.00048828125,0.9995117
882688,7732.591267776544,1.0,2.4213867,9.0,1.2626978,1.0,1.0,1.0,0.0,0.98589516,-0.007789649,3.3366185e-05,-0.00613287,0.16734616,0.0,1.0
884736,7752.018872113276,1.0,2.4331055,9.0,1.2844539,1.0,1.0,1.0,0.0,0.9857817,-0.010306593,2.8675353e-05,-0.008652043,0.16688876,0.0,1.0
886784,7726.595695380918,1.0,2.440918,13.0,1.3185965,-1.0,0.9980469,1.0,0.062469475,0.9838132,-0.008571703,0.0054251584,-0.009564317,0.1719966,0.0009765625,0.99902344
888832,7688.324748717857,1.0,2.4345703,15.0,1.3370531,-1.0,0.9951172,1.0,0.09870047,0.9810348,-0.0062091285,0.00842686,-0.008849204,0.15733552,0.0024414062,0.9975586
890880,7753.747229526205,1.0,2.472168,100.0,2.5403397,-1.0,0.99658203,1.0,0.07959883,0.9825495,-0.03541847,0.0018857192,-0.034671657,0.16896656,0.001953125,0.9980469
892928,7760.42297969988,1.0,2.475586,100.0,2.5156527,-1.0,0.99853516,1.0,0.04938887,0.98443377,-0.010782594,2.8844675e-05,-0.009295144,0.1501873,0.0009765625,0.99902344
894976,7772.957856493274,1.0,2.4838867,100.0,2.5139716,0.0,0.9995117,1.0,0.022091692,0.9852705,-0.0141239315,9.0881804e-05,-0.01255888,0.16104932,0.00048828125,0.9995117
897024,7749.263491399064,1.0,2.4394531,16.0,1.3314283,-1.0,0.9970703,1.0,0.07649047,0.9829415,0.0008000456,0.008308786,-0.001927425,0.14269221,0.0014648438,0.99853516
899072,7728.194532463162,1.0,2.456543,16.0,1.311408,-1.0,0.9951172,1.0,0.09870047,0.980836,-0.009372081,0.0035194077,-0.009583374,0.1548413,0.0024414062,0.9975586
901120,7756.316698510848,1.0,2.493164,30.0,1.4310153,-1.0,0.99609375,1.0,0.08830199,0.9814646,-0.0057089343,9.688843e-05,-0.004298601,0.1458778,0.001953125,0.9980469
903168,7761.8394633356465,1.0,2.5131836,30.0,1.4072294,-1.0,0.99902344,1.0,0.044183385,0.9840367,-0.012088265,3.3959484e-05,-0.010435927,0.16693202,0.00048828125,0.9995117
905216,7760.184612493721,1.0,2.4960938,16.0,1.3556826,-1.0,0.99902344,1.0,0.044183385,0.9842926,-0.010995806,0.00531082,-0.011965029,0.1686188,0.00048828125,0.9995117
907264,7750.277299634859,1.0,2.4995117,16.0,1.4398756,-1.0,0.9970703,1.0,0.07649047,0.98234606,-0.008491284,0.0038848612,-0.008891059,0.15426569,0.0014648438,0.99853516
909312,7757.122195923461,1.0,2.4941406,16.0,1.4310197,-1.0,0.99609375,1.0,0.08830199,0.9815148,-0.0062689567,0.0032429115,-0.0064952336,0.1395178,0.001953125,0.9980469
911360,7753.754228491066,1.0,2.5,13.0,1.3760649,-1.0,0.9980469,1.0,0.062469475,0.9833003,-0.015023938,7.5418575e-05,-0.013529229,0.15324202,0.0009765625,0.99902344
913408,7761.348544126177,1.0,2.4980469,13.0,1.3556868,-1.0,0.99902344,1.0,0.044183385,0.98420954,-0.009963675,0.0035470761,-0.010272675,0.14645368,0.00048828125,0.9995117
915456,7762.084946229757,1.0,2.4780273,13.0,1.3537078,-1.0,0.99902344,1.0,0.044183385,0.9844074,-0.007310641,6.8028356e-05,-0.0058233286,0.15213273,0.00048828125,0.9995117
917504,7760.303794266366,1.0,2.461914,13.0,1.3003584,-1.0,0.9980469,1.0,0.062469475,0.98358357,-0.010295916,0.004441106,-0.010915005,0.16014655,0.0009765625,0.99902344
919552,7757.955886788976,1.0,2.4760742,11.0,1.2540612,-1.0,0.9980469,1.0,0.062469475,0.98343766,-0.012111166,7.477846e-05,-0.010551965,0.15965883,0.0009765625,0.99902344
921600,7738.568265682657,1.0,2.4916992,17.0,1.2705072,-1.0,0.9980469,1.0,0.062469475,0.98328483,-0.01202121,4.2085783e-05,-0.0103362035,0.17060497,0.0009765625,0.99902344
923648,7757.066155906477,1.0,2.491211,17.0,1.3161856,1.0,1.0,1.0,0.0,0.98521024,-0.014375858,3.3638153e-05,-0.0127639,0.16287793,0.0,1.0
925696,7772.831252267847,1.0,2.4970703,17.0,1.3199161,-1.0,0.99902344,1.0,0.044183385,0.9842051,-0.0068431655,0.0031269682,-0.006876744,0.15299062,0.00048828125,0.9995117
927744,7765.832240473223,1.0,2.5083008,7.0,1.3154465,-1.0,0.99902344,1.0,0.044183385,0.98409355,-0.011777111,6.878237e-05,-0.010219219,0.15922831,0.00048828125,0.9995117
929792,7739.112087341816,1.0,2.4770508,8.0,1.2984593,-1.0,0.99902344,1.0,0.044183385,0.98441017,-0.005002766,0.0036234297,-0.0053609824,0.14534985,0.00048828125,0.9995117
931840,7754.832219903077,1.0,2.4702148,11.0,1.3221711,-1.0,0.99902344,1.0,0.044183385,0.9844809,-0.0059732506,7.665514e-05,-0.004484938,0.15266399,0.00048828125,0.9995117
933888,7748.73222198167,1.0,2.4521484,11.0,1.2765367,1.0,1.0,1.0,0.0,0.9855921,-0.013739732,2.0061201e-05,-0.012304306,0.14454573,0.0,1.0
935936,7749.32640970703,1.0,2.5151367,9.0,1.3071935,-1.0,0.99609375,1.0,0.08830199,0.9811708,-0.008800965,0.009932694,-0.012284383,0.148293,0.001953125,0.9980469
937984,7762.211200621705,1.0,2.5161133,9.0,1.3183404,-1.0,0.99609375,1.0,0.08830199,0.98116255,-0.0030973013,0.00011166495,-0.0016216906,0.15314431,0.001953125,0.9980469
940032,7749.4941968566945,1.0,2.5146484,10.0,1.3083192,-1.0,0.9970703,1.0,0.07649047,0.98214257,-0.020145128,2.865828e-05,-0.018546836,0.16126204,0.0014648438,0.99853516
942080,7760.086465547302,1.0,2.5166016,10.0,1.2913918,-1.0,0.99902344,1.0,0.044183385,0.9840082,-0.0088358885,0.003007364,-0.008826164,0.15134047,0.00048828125,0.9995117
944128,7777.405687599426,1.0,2.5478516,14.0,1.3537617,-1.0,0.99902344,1.0,0.044183385,0.98370695,-0.017331472,8.925486e-05,-0.015778542,0.15975605,0.00048828125,0.9995117
946176,7728.750804821913,1.0,2.5410156,14.0,1.362972,-1.0,0.99902344,1.0,0.044183385,0.98377585,-0.0108940955,3.469901e-05,-0.0093119675,0.15994778,0.00048828125,0.9995117
948224,7758.936929027316,1.0,2.4697266,14.0,1.3441356,-1.0,0.99609375,1.0,0.08830199,0.98155946,-0.009025581,0.0065941983,-0.010780448,0.1542231,0.001953125,0.9980469
950272,7755.00724678896,1.0,2.4487305,9.0,1.3040308,-1.0,0.9951172,1.0,0.09870047,0.9807955,-0.00963202,0.0018416597,-0.008988897,0.15639554,0.0024414062,0.9975586
952320,7741.106754189602,1.0,2.4682617,19.0,1.3781811,-1.0,0.9951172,1.0,0.09870047,0.9806211,-0.0053508505,0.002478291,-0.004974365,0.16156313,0.0024414062,0.9975586
954368,7777.4831474509765,1.0,2.4521484,19.0,1.3925215,-1.0,0.9980469,1.0,0.062469475,0.98368293,-0.009610318,5.310123e-05,-0.007838531,0.17983362,0.0009765625,0.99902344
956416,7626.149450584572,1.0,2.4453125,19.0,1.3894614,-1.0,0.99902344,1.0,0.044183385,0.984717,-0.010348317,2.0729709e-05,-0.008811197,0.15474842,0.00048828125,0.9995117
958464,7763.7686758922755,1.0,2.4829102,34.0,1.4917419,1.0,1.0,1.0,0.0,0.98531455,-0.015418078,8.3710496e-05,-0.013874686,0.15852468,0.0,1.0
960512,7769.070175406861,1.0,2.477539,34.0,1.4243567,1.0,1.0,1.0,0.0,0.9853582,-0.011238131,1.9840263e-05,-0.009775921,0.14721312,0.0,1.0
962560,7754.937235086528,1.0,2.5932617,34.0,1.6184042,-1.0,0.9980469,1.0,0.062469475,0.9824028,-0.01044714,0.00840134,-0.012763507,0.18843019,0.0009765625,0.99902344
964608,7768.409726593305,1.0,2.614746,13.0,1.5128092,-1.0,0.9980469,1.0,0.062469475,0.98217607,-0.012489837,9.864464e-05,-0.010697409,0.18417516,0.0009765625,0.99902344
966656,7751.2424118007475,1.0,2.5966797,13.0,1.5169705,-1.0,0.99316406,1.0,0.11672679,0.9776547,-0.0025183954,0.015254221,-0.008381664,0.17638417,0.0034179688,0.99658203
968704,7772.521792634055,1.0,2.5483398,12.0,1.4920385,-1.0,0.9941406,1.0,0.10809448,0.9790579,-0.010680932,0.004496642,-0.01129485,0.16344005,0.0029296875,0.9970703
970752,7755.133271039006,1.0,2.5585938,12.0,1.506005,-1.0,0.99316406,1.0,0.11672679,0.9780278,-0.009086269,0.00967561,-0.012404597,0.15194748,0.0034179688,0.99658203
972800,7742.090517354041,1.0,2.5307617,12.0,1.4690926,-1.0,0.9970703,1.0,0.07649047,0.9820514,-0.008513651,0.00016057184,-0.0071593523,0.1434584,0.0014648438,0.99853516
974848,7762.625063258195,1.0,2.5234375,12.0,1.4257116,-1.0,0.99609375,1.0,0.08830199,0.98119843,-0.0074185566,0.004309583,-0.008056595,0.15167536,0.001953125,0.9980469
976896,7697.77066920931,1.0,2.5151367,15.0,1.3992064,-1.0,0.9980469,1.0,0.062469475,0.98311746,-0.0077978494,0.0029528118,-0.0076422207,0.1632034,0.0009765625,0.99902344
978944,7773.056329297769,1.0,2.5546875,25.0,1.5764804,-1.0,0.9951172,1.0,0.09870047,0.9799174,-0.008658294,0.009282271,-0.011527865,0.17715654,0.0024414062,0.9975586
980992,7762.4076045063875,1.0,2.59375,25.0,1.5823736,-1.0,0.99609375,1.0,0.08830199,0.98045135,-0.010115004,0.00017572679,-0.008503543,0.16993235,0.001953125,0.9980469
983040,7731.763019208942,1.0,2.5307617,25.0,1.4677626,-1.0,0.99902344,1.0,0.044183385,0.98389125,-0.016985597,4.964183e-05,-0.015274584,0.17358328,0.00048828125,0.9995117
985088,7699.516326863539,1.0,2.5605469,59.0,2.0098016,-1.0,0.99902344,1.0,0.044183385,0.98364747,-0.019038567,0.0010948932,-0.01785488,0.17311355,0.00048828125,0.9995117
987136,7746.5100687361455,1.0,2.5708008,59.0,2.0026515,-1.0,0.9980469,1.0,0.062469475,0.982568,-0.008871015,0.00092404516,-0.0078004445,0.15325932,0.0009765625,0.99902344
989184,7688.090789973006,1.0,2.6206055,59.0,2.0703228,-1.0,0.99609375,1.0,0.08830199,0.9802673,-0.0067528165,0.008493296,-0.009339553,0.165991,0.001953125,0.9980469
991232,7691.856502354585,1.0,2.5986328,23.0,1.5452288,-1.0,0.99609375,1.0,0.08830199,0.98047984,-0.0053407936,0.004382268,-0.005887923,0.16440055,0.001953125,0.9980469
993280,7724.101440974017,1.0,2.5888672,23.0,1.4999715,-1.0,0.9980469,1.0,0.062469475,0.98248446,-0.010119633,5.510823e-05,-0.008574154,0.1573033,0.0009765625,0.99902344
995328,7760.703430455798,1.0,2.5654297,14.0,1.4438094,-1.0,0.99902344,1.0,0.044183385,0.9835918,-0.01325323,5.7732326e-05,-0.011525451,0.17566447,0.00048828125,0.9995117
997376,7777.602861165563,1.0,2.5473633,14.0,1.4418083,-1.0,0.9921875,1.0,0.12475562,0.97697544,-0.009619002,0.015187979,-0.015607118,0.16058734,0.00390625,0.99609375
999424,7648.530511102029,1.0,2.536621,11.0,1.4061203,-1.0,0.99121094,1.0,0.13229088,0.9761847,-0.0099568665,0.0049101873,-0.010727653,0.16843066,0.0043945312,0.99560547
